--
-- PostgreSQL database dump
--

-- Dumped from database version 16.1
-- Dumped by pg_dump version 16.1

-- Set session parameters
SET search_path TO public;
SET client_encoding TO 'UTF8';
SET standard_conforming_strings TO on;
SET check_function_bodies TO false;
SET xmloption TO content;
SET client_min_messages TO warning;
SET row_security TO off;

-- Reset timeout settings
SET statement_timeout TO 0;
SET lock_timeout TO 0;
SET idle_in_transaction_session_timeout TO 0;

-- Reset default table settings
SET default_tablespace TO '';
SET default_table_access_method TO heap;


--
-- Name: account_emailaddress; Type: TABLE; Schema: public; Owner: postgres
--

CREATE TABLE public.account_emailaddress (
    id integer NOT NULL,
    email character varying(254) NOT NULL,
    verified boolean NOT NULL,
    "primary" boolean NOT NULL,
    user_id bigint NOT NULL
);


ALTER TABLE public.account_emailaddress OWNER TO postgres;

--
-- Name: account_emailaddress_id_seq; Type: SEQUENCE; Schema: public; Owner: postgres
--

ALTER TABLE public.account_emailaddress ALTER COLUMN id ADD GENERATED BY DEFAULT AS IDENTITY (
    SEQUENCE NAME public.account_emailaddress_id_seq
    START WITH 1
    INCREMENT BY 1
    NO MINVALUE
    NO MAXVALUE
    CACHE 1
);


--
-- Name: account_emailconfirmation; Type: TABLE; Schema: public; Owner: postgres
--

CREATE TABLE public.account_emailconfirmation (
    id integer NOT NULL,
    created timestamp with time zone NOT NULL,
    sent timestamp with time zone,
    key character varying(64) NOT NULL,
    email_address_id integer NOT NULL
);


ALTER TABLE public.account_emailconfirmation OWNER TO postgres;

--
-- Name: account_emailconfirmation_id_seq; Type: SEQUENCE; Schema: public; Owner: postgres
--

ALTER TABLE public.account_emailconfirmation ALTER COLUMN id ADD GENERATED BY DEFAULT AS IDENTITY (
    SEQUENCE NAME public.account_emailconfirmation_id_seq
    START WITH 1
    INCREMENT BY 1
    NO MINVALUE
    NO MAXVALUE
    CACHE 1
);


--
-- Name: admin_side_banner; Type: TABLE; Schema: public; Owner: postgres
--

CREATE TABLE public.admin_side_banner (
    id bigint NOT NULL,
    title character varying(50) NOT NULL,
    subtitle character varying(500) NOT NULL,
    image character varying(100) NOT NULL,
    is_listed boolean NOT NULL,
    variant_id bigint
);


ALTER TABLE public.admin_side_banner OWNER TO postgres;

--
-- Name: admin_side_baners_id_seq; Type: SEQUENCE; Schema: public; Owner: postgres
--

ALTER TABLE public.admin_side_banner ALTER COLUMN id ADD GENERATED BY DEFAULT AS IDENTITY (
    SEQUENCE NAME public.admin_side_baners_id_seq
    START WITH 1
    INCREMENT BY 1
    NO MINVALUE
    NO MAXVALUE
    CACHE 1
);


--
-- Name: auth_group; Type: TABLE; Schema: public; Owner: postgres
--

CREATE TABLE public.auth_group (
    id integer NOT NULL,
    name character varying(150) NOT NULL
);


ALTER TABLE public.auth_group OWNER TO postgres;

--
-- Name: auth_group_id_seq; Type: SEQUENCE; Schema: public; Owner: postgres
--

ALTER TABLE public.auth_group ALTER COLUMN id ADD GENERATED BY DEFAULT AS IDENTITY (
    SEQUENCE NAME public.auth_group_id_seq
    START WITH 1
    INCREMENT BY 1
    NO MINVALUE
    NO MAXVALUE
    CACHE 1
);


--
-- Name: auth_group_permissions; Type: TABLE; Schema: public; Owner: postgres
--

CREATE TABLE public.auth_group_permissions (
    id bigint NOT NULL,
    group_id integer NOT NULL,
    permission_id integer NOT NULL
);


ALTER TABLE public.auth_group_permissions OWNER TO postgres;

--
-- Name: auth_group_permissions_id_seq; Type: SEQUENCE; Schema: public; Owner: postgres
--

ALTER TABLE public.auth_group_permissions ALTER COLUMN id ADD GENERATED BY DEFAULT AS IDENTITY (
    SEQUENCE NAME public.auth_group_permissions_id_seq
    START WITH 1
    INCREMENT BY 1
    NO MINVALUE
    NO MAXVALUE
    CACHE 1
);


--
-- Name: auth_permission; Type: TABLE; Schema: public; Owner: postgres
--

CREATE TABLE public.auth_permission (
    id integer NOT NULL,
    name character varying(255) NOT NULL,
    content_type_id integer NOT NULL,
    codename character varying(100) NOT NULL
);


ALTER TABLE public.auth_permission OWNER TO postgres;

--
-- Name: auth_permission_id_seq; Type: SEQUENCE; Schema: public; Owner: postgres
--

ALTER TABLE public.auth_permission ALTER COLUMN id ADD GENERATED BY DEFAULT AS IDENTITY (
    SEQUENCE NAME public.auth_permission_id_seq
    START WITH 1
    INCREMENT BY 1
    NO MINVALUE
    NO MAXVALUE
    CACHE 1
);


--
-- Name: django_admin_log; Type: TABLE; Schema: public; Owner: postgres
--

CREATE TABLE public.django_admin_log (
    id integer NOT NULL,
    action_time timestamp with time zone NOT NULL,
    object_id text,
    object_repr character varying(200) NOT NULL,
    action_flag smallint NOT NULL,
    change_message text NOT NULL,
    content_type_id integer,
    user_id bigint NOT NULL,
    CONSTRAINT django_admin_log_action_flag_check CHECK ((action_flag >= 0))
);


ALTER TABLE public.django_admin_log OWNER TO postgres;

--
-- Name: django_admin_log_id_seq; Type: SEQUENCE; Schema: public; Owner: postgres
--

ALTER TABLE public.django_admin_log ALTER COLUMN id ADD GENERATED BY DEFAULT AS IDENTITY (
    SEQUENCE NAME public.django_admin_log_id_seq
    START WITH 1
    INCREMENT BY 1
    NO MINVALUE
    NO MAXVALUE
    CACHE 1
);


--
-- Name: django_content_type; Type: TABLE; Schema: public; Owner: postgres
--

CREATE TABLE public.django_content_type (
    id integer NOT NULL,
    app_label character varying(100) NOT NULL,
    model character varying(100) NOT NULL
);


ALTER TABLE public.django_content_type OWNER TO postgres;

--
-- Name: django_content_type_id_seq; Type: SEQUENCE; Schema: public; Owner: postgres
--

ALTER TABLE public.django_content_type ALTER COLUMN id ADD GENERATED BY DEFAULT AS IDENTITY (
    SEQUENCE NAME public.django_content_type_id_seq
    START WITH 1
    INCREMENT BY 1
    NO MINVALUE
    NO MAXVALUE
    CACHE 1
);


--
-- Name: django_migrations; Type: TABLE; Schema: public; Owner: postgres
--

CREATE TABLE public.django_migrations (
    id bigint NOT NULL,
    app character varying(255) NOT NULL,
    name character varying(255) NOT NULL,
    applied timestamp with time zone NOT NULL
);


ALTER TABLE public.django_migrations OWNER TO postgres;

--
-- Name: django_migrations_id_seq; Type: SEQUENCE; Schema: public; Owner: postgres
--

ALTER TABLE public.django_migrations ALTER COLUMN id ADD GENERATED BY DEFAULT AS IDENTITY (
    SEQUENCE NAME public.django_migrations_id_seq
    START WITH 1
    INCREMENT BY 1
    NO MINVALUE
    NO MAXVALUE
    CACHE 1
);


--
-- Name: django_session; Type: TABLE; Schema: public; Owner: postgres
--

CREATE TABLE public.django_session (
    session_key character varying(40) NOT NULL,
    session_data text NOT NULL,
    expire_date timestamp with time zone NOT NULL
);


ALTER TABLE public.django_session OWNER TO postgres;

--
-- Name: django_site; Type: TABLE; Schema: public; Owner: postgres
--

CREATE TABLE public.django_site (
    id integer NOT NULL,
    domain character varying(100) NOT NULL,
    name character varying(50) NOT NULL
);


ALTER TABLE public.django_site OWNER TO postgres;

--
-- Name: django_site_id_seq; Type: SEQUENCE; Schema: public; Owner: postgres
--

ALTER TABLE public.django_site ALTER COLUMN id ADD GENERATED BY DEFAULT AS IDENTITY (
    SEQUENCE NAME public.django_site_id_seq
    START WITH 1
    INCREMENT BY 1
    NO MINVALUE
    NO MAXVALUE
    CACHE 1
);


--
-- Name: socialaccount_socialaccount; Type: TABLE; Schema: public; Owner: postgres
--

CREATE TABLE public.socialaccount_socialaccount (
    id integer NOT NULL,
    provider character varying(200) NOT NULL,
    uid character varying(191) NOT NULL,
    last_login timestamp with time zone NOT NULL,
    date_joined timestamp with time zone NOT NULL,
    extra_data jsonb NOT NULL,
    user_id bigint NOT NULL
);


ALTER TABLE public.socialaccount_socialaccount OWNER TO postgres;

--
-- Name: socialaccount_socialaccount_id_seq; Type: SEQUENCE; Schema: public; Owner: postgres
--

ALTER TABLE public.socialaccount_socialaccount ALTER COLUMN id ADD GENERATED BY DEFAULT AS IDENTITY (
    SEQUENCE NAME public.socialaccount_socialaccount_id_seq
    START WITH 1
    INCREMENT BY 1
    NO MINVALUE
    NO MAXVALUE
    CACHE 1
);


--
-- Name: socialaccount_socialapp; Type: TABLE; Schema: public; Owner: postgres
--

CREATE TABLE public.socialaccount_socialapp (
    id integer NOT NULL,
    provider character varying(30) NOT NULL,
    name character varying(40) NOT NULL,
    client_id character varying(191) NOT NULL,
    secret character varying(191) NOT NULL,
    key character varying(191) NOT NULL,
    provider_id character varying(200) NOT NULL,
    settings jsonb NOT NULL
);


ALTER TABLE public.socialaccount_socialapp OWNER TO postgres;

--
-- Name: socialaccount_socialapp_id_seq; Type: SEQUENCE; Schema: public; Owner: postgres
--

ALTER TABLE public.socialaccount_socialapp ALTER COLUMN id ADD GENERATED BY DEFAULT AS IDENTITY (
    SEQUENCE NAME public.socialaccount_socialapp_id_seq
    START WITH 1
    INCREMENT BY 1
    NO MINVALUE
    NO MAXVALUE
    CACHE 1
);


--
-- Name: socialaccount_socialapp_sites; Type: TABLE; Schema: public; Owner: postgres
--

CREATE TABLE public.socialaccount_socialapp_sites (
    id bigint NOT NULL,
    socialapp_id integer NOT NULL,
    site_id integer NOT NULL
);


ALTER TABLE public.socialaccount_socialapp_sites OWNER TO postgres;

--
-- Name: socialaccount_socialapp_sites_id_seq; Type: SEQUENCE; Schema: public; Owner: postgres
--

ALTER TABLE public.socialaccount_socialapp_sites ALTER COLUMN id ADD GENERATED BY DEFAULT AS IDENTITY (
    SEQUENCE NAME public.socialaccount_socialapp_sites_id_seq
    START WITH 1
    INCREMENT BY 1
    NO MINVALUE
    NO MAXVALUE
    CACHE 1
);


--
-- Name: socialaccount_socialtoken; Type: TABLE; Schema: public; Owner: postgres
--

CREATE TABLE public.socialaccount_socialtoken (
    id integer NOT NULL,
    token text NOT NULL,
    token_secret text NOT NULL,
    expires_at timestamp with time zone,
    account_id integer NOT NULL,
    app_id integer
);


ALTER TABLE public.socialaccount_socialtoken OWNER TO postgres;

--
-- Name: socialaccount_socialtoken_id_seq; Type: SEQUENCE; Schema: public; Owner: postgres
--

ALTER TABLE public.socialaccount_socialtoken ALTER COLUMN id ADD GENERATED BY DEFAULT AS IDENTITY (
    SEQUENCE NAME public.socialaccount_socialtoken_id_seq
    START WITH 1
    INCREMENT BY 1
    NO MINVALUE
    NO MAXVALUE
    CACHE 1
);


--
-- Name: user_authentication_customuser; Type: TABLE; Schema: public; Owner: postgres
--

CREATE TABLE public.user_authentication_customuser (
    id bigint NOT NULL,
    password character varying(128) NOT NULL,
    last_login timestamp with time zone,
    is_superuser boolean NOT NULL,
    username character varying(150) NOT NULL,
    is_staff boolean NOT NULL,
    is_active boolean NOT NULL,
    date_joined timestamp with time zone NOT NULL,
    phone_number character varying(15) NOT NULL,
    email character varying(254) NOT NULL,
    first_name character varying(50) NOT NULL,
    last_name character varying(50) NOT NULL,
    date_of_join date,
    email_verified boolean NOT NULL,
    otp character varying(6),
    is_listed boolean NOT NULL
);


ALTER TABLE public.user_authentication_customuser OWNER TO postgres;

--
-- Name: user_authentication_customuser_groups; Type: TABLE; Schema: public; Owner: postgres
--

CREATE TABLE public.user_authentication_customuser_groups (
    id bigint NOT NULL,
    customuser_id bigint NOT NULL,
    group_id integer NOT NULL
);


ALTER TABLE public.user_authentication_customuser_groups OWNER TO postgres;

--
-- Name: user_authentication_customuser_groups_id_seq; Type: SEQUENCE; Schema: public; Owner: postgres
--

ALTER TABLE public.user_authentication_customuser_groups ALTER COLUMN id ADD GENERATED BY DEFAULT AS IDENTITY (
    SEQUENCE NAME public.user_authentication_customuser_groups_id_seq
    START WITH 1
    INCREMENT BY 1
    NO MINVALUE
    NO MAXVALUE
    CACHE 1
);


--
-- Name: user_authentication_customuser_id_seq; Type: SEQUENCE; Schema: public; Owner: postgres
--

ALTER TABLE public.user_authentication_customuser ALTER COLUMN id ADD GENERATED BY DEFAULT AS IDENTITY (
    SEQUENCE NAME public.user_authentication_customuser_id_seq
    START WITH 1
    INCREMENT BY 1
    NO MINVALUE
    NO MAXVALUE
    CACHE 1
);


--
-- Name: user_authentication_customuser_user_permissions; Type: TABLE; Schema: public; Owner: postgres
--

CREATE TABLE public.user_authentication_customuser_user_permissions (
    id bigint NOT NULL,
    customuser_id bigint NOT NULL,
    permission_id integer NOT NULL
);


ALTER TABLE public.user_authentication_customuser_user_permissions OWNER TO postgres;

--
-- Name: user_authentication_customuser_user_permissions_id_seq; Type: SEQUENCE; Schema: public; Owner: postgres
--

ALTER TABLE public.user_authentication_customuser_user_permissions ALTER COLUMN id ADD GENERATED BY DEFAULT AS IDENTITY (
    SEQUENCE NAME public.user_authentication_customuser_user_permissions_id_seq
    START WITH 1
    INCREMENT BY 1
    NO MINVALUE
    NO MAXVALUE
    CACHE 1
);


--
-- Name: user_cart_cart; Type: TABLE; Schema: public; Owner: postgres
--

CREATE TABLE public.user_cart_cart (
    id bigint NOT NULL,
    prod_quantity integer NOT NULL,
    cart_price integer NOT NULL,
    product_id bigint NOT NULL,
    user_id bigint NOT NULL,
    CONSTRAINT user_cart_cart_cart_price_check CHECK ((cart_price >= 0))
);


ALTER TABLE public.user_cart_cart OWNER TO postgres;

--
-- Name: user_cart_cart_id_seq; Type: SEQUENCE; Schema: public; Owner: postgres
--

ALTER TABLE public.user_cart_cart ALTER COLUMN id ADD GENERATED BY DEFAULT AS IDENTITY (
    SEQUENCE NAME public.user_cart_cart_id_seq
    START WITH 1
    INCREMENT BY 1
    NO MINVALUE
    NO MAXVALUE
    CACHE 1
);


--
-- Name: user_coupon_coupon; Type: TABLE; Schema: public; Owner: postgres
--

CREATE TABLE public.user_coupon_coupon (
    id bigint NOT NULL,
    name character varying(50) NOT NULL,
    code character varying(50) NOT NULL,
    discount_price numeric(10,2) NOT NULL,
    minimum_purchase numeric(10,2),
    exp_date date NOT NULL,
    usage_limit integer NOT NULL,
    user_count integer NOT NULL,
    is_active boolean NOT NULL,
    created_at timestamp with time zone NOT NULL,
    updated_at timestamp with time zone NOT NULL,
    CONSTRAINT user_coupon_coupon_usage_limit_check CHECK ((usage_limit >= 0)),
    CONSTRAINT user_coupon_coupon_user_count_check CHECK ((user_count >= 0))
);


ALTER TABLE public.user_coupon_coupon OWNER TO postgres;

--
-- Name: user_coupon_coupon_id_seq; Type: SEQUENCE; Schema: public; Owner: postgres
--

ALTER TABLE public.user_coupon_coupon ALTER COLUMN id ADD GENERATED BY DEFAULT AS IDENTITY (
    SEQUENCE NAME public.user_coupon_coupon_id_seq
    START WITH 1
    INCREMENT BY 1
    NO MINVALUE
    NO MAXVALUE
    CACHE 1
);


--
-- Name: user_coupon_couponusage; Type: TABLE; Schema: public; Owner: postgres
--

CREATE TABLE public.user_coupon_couponusage (
    id bigint NOT NULL,
    total_amount integer,
    applied_on timestamp with time zone NOT NULL,
    coupon_id bigint,
    user_id bigint,
    CONSTRAINT user_coupon_couponusage_total_amount_check CHECK ((total_amount >= 0))
);


ALTER TABLE public.user_coupon_couponusage OWNER TO postgres;

--
-- Name: user_coupon_couponusage_id_seq; Type: SEQUENCE; Schema: public; Owner: postgres
--

ALTER TABLE public.user_coupon_couponusage ALTER COLUMN id ADD GENERATED BY DEFAULT AS IDENTITY (
    SEQUENCE NAME public.user_coupon_couponusage_id_seq
    START WITH 1
    INCREMENT BY 1
    NO MINVALUE
    NO MAXVALUE
    CACHE 1
);


--
-- Name: user_order_order; Type: TABLE; Schema: public; Owner: postgres
--

CREATE TABLE public.user_order_order (
    order_id character varying(8) NOT NULL,
    payment_mode character varying(150) NOT NULL,
    order_date timestamp with time zone NOT NULL,
    expected_date date,
    delivery_date date,
    total_price numeric(10,2) NOT NULL,
    address_id bigint NOT NULL,
    user_id bigint NOT NULL,
    quantity integer NOT NULL,
    applied_coupon_id bigint,
    applied_offer_id bigint,
    CONSTRAINT user_order_order_quantity_check CHECK ((quantity >= 0))
);


ALTER TABLE public.user_order_order OWNER TO postgres;

--
-- Name: user_order_orderitem; Type: TABLE; Schema: public; Owner: postgres
--

CREATE TABLE public.user_order_orderitem (
    id bigint NOT NULL,
    price numeric(10,2) NOT NULL,
    quantity integer NOT NULL,
    modified_time timestamp with time zone NOT NULL,
    status character varying(150) NOT NULL,
    order_id character varying(8) NOT NULL,
    variant_id bigint NOT NULL,
    CONSTRAINT user_order_orderitem_quantity_check CHECK ((quantity >= 0))
);


ALTER TABLE public.user_order_orderitem OWNER TO postgres;

--
-- Name: user_order_orderitem_id_seq; Type: SEQUENCE; Schema: public; Owner: postgres
--

ALTER TABLE public.user_order_orderitem ALTER COLUMN id ADD GENERATED BY DEFAULT AS IDENTITY (
    SEQUENCE NAME public.user_order_orderitem_id_seq
    START WITH 1
    INCREMENT BY 1
    NO MINVALUE
    NO MAXVALUE
    CACHE 1
);


--
-- Name: user_products_brands; Type: TABLE; Schema: public; Owner: postgres
--

CREATE TABLE public.user_products_brands (
    id bigint NOT NULL,
    name character varying(50) NOT NULL,
    is_listed boolean NOT NULL
);


ALTER TABLE public.user_products_brands OWNER TO postgres;

--
-- Name: user_products_brands_id_seq; Type: SEQUENCE; Schema: public; Owner: postgres
--

ALTER TABLE public.user_products_brands ALTER COLUMN id ADD GENERATED BY DEFAULT AS IDENTITY (
    SEQUENCE NAME public.user_products_brands_id_seq
    START WITH 1
    INCREMENT BY 1
    NO MINVALUE
    NO MAXVALUE
    CACHE 1
);


--
-- Name: user_products_category; Type: TABLE; Schema: public; Owner: postgres
--

CREATE TABLE public.user_products_category (
    id bigint NOT NULL,
    name character varying(50) NOT NULL,
    is_listed boolean NOT NULL
);


ALTER TABLE public.user_products_category OWNER TO postgres;

--
-- Name: user_products_category_id_seq; Type: SEQUENCE; Schema: public; Owner: postgres
--

ALTER TABLE public.user_products_category ALTER COLUMN id ADD GENERATED BY DEFAULT AS IDENTITY (
    SEQUENCE NAME public.user_products_category_id_seq
    START WITH 1
    INCREMENT BY 1
    NO MINVALUE
    NO MAXVALUE
    CACHE 1
);


--
-- Name: user_products_colorvarient; Type: TABLE; Schema: public; Owner: postgres
--

CREATE TABLE public.user_products_colorvarient (
    id bigint NOT NULL,
    color character varying(10) NOT NULL,
    quantity integer NOT NULL,
    price integer NOT NULL,
    is_listed boolean NOT NULL,
    product_offer numeric(5,2) NOT NULL,
    product_id bigint NOT NULL,
    category_offer numeric(5,2) NOT NULL,
    CONSTRAINT user_products_colorvarient_quantity_check CHECK ((quantity >= 0))
);


ALTER TABLE public.user_products_colorvarient OWNER TO postgres;

--
-- Name: user_products_colorvarient_id_seq; Type: SEQUENCE; Schema: public; Owner: postgres
--

ALTER TABLE public.user_products_colorvarient ALTER COLUMN id ADD GENERATED BY DEFAULT AS IDENTITY (
    SEQUENCE NAME public.user_products_colorvarient_id_seq
    START WITH 1
    INCREMENT BY 1
    NO MINVALUE
    NO MAXVALUE
    CACHE 1
);


--
-- Name: user_products_image; Type: TABLE; Schema: public; Owner: postgres
--

CREATE TABLE public.user_products_image (
    id bigint NOT NULL,
    image character varying(100) NOT NULL,
    variant_id bigint
);


ALTER TABLE public.user_products_image OWNER TO postgres;

--
-- Name: user_products_image_id_seq; Type: SEQUENCE; Schema: public; Owner: postgres
--

ALTER TABLE public.user_products_image ALTER COLUMN id ADD GENERATED BY DEFAULT AS IDENTITY (
    SEQUENCE NAME public.user_products_image_id_seq
    START WITH 1
    INCREMENT BY 1
    NO MINVALUE
    NO MAXVALUE
    CACHE 1
);


--
-- Name: user_products_products; Type: TABLE; Schema: public; Owner: postgres
--

CREATE TABLE public.user_products_products (
    id bigint NOT NULL,
    products_name character varying(50) NOT NULL,
    description character varying(500) NOT NULL,
    is_listed boolean NOT NULL,
    brand_id_id bigint NOT NULL,
    category_id_id bigint NOT NULL
);


ALTER TABLE public.user_products_products OWNER TO postgres;

--
-- Name: user_products_products_id_seq; Type: SEQUENCE; Schema: public; Owner: postgres
--

ALTER TABLE public.user_products_products ALTER COLUMN id ADD GENERATED BY DEFAULT AS IDENTITY (
    SEQUENCE NAME public.user_products_products_id_seq
    START WITH 1
    INCREMENT BY 1
    NO MINVALUE
    NO MAXVALUE
    CACHE 1
);


--
-- Name: user_profile_address; Type: TABLE; Schema: public; Owner: postgres
--

CREATE TABLE public.user_profile_address (
    id bigint NOT NULL,
    name character varying(50) NOT NULL,
    phone character varying(50) NOT NULL,
    street_address text NOT NULL,
    city character varying(50) NOT NULL,
    state character varying(50) NOT NULL,
    pin_code integer NOT NULL,
    is_present boolean NOT NULL,
    user_id bigint
);


ALTER TABLE public.user_profile_address OWNER TO postgres;

--
-- Name: user_profile_address_id_seq; Type: SEQUENCE; Schema: public; Owner: postgres
--

ALTER TABLE public.user_profile_address ALTER COLUMN id ADD GENERATED BY DEFAULT AS IDENTITY (
    SEQUENCE NAME public.user_profile_address_id_seq
    START WITH 1
    INCREMENT BY 1
    NO MINVALUE
    NO MAXVALUE
    CACHE 1
);


--
-- Name: user_review_review; Type: TABLE; Schema: public; Owner: postgres
--

CREATE TABLE public.user_review_review (
    id bigint NOT NULL,
    review character varying(1000) NOT NULL,
    rating integer NOT NULL,
    user_id bigint NOT NULL,
    variant_id bigint NOT NULL
);


ALTER TABLE public.user_review_review OWNER TO postgres;

--
-- Name: user_review_review_id_seq; Type: SEQUENCE; Schema: public; Owner: postgres
--

ALTER TABLE public.user_review_review ALTER COLUMN id ADD GENERATED BY DEFAULT AS IDENTITY (
    SEQUENCE NAME public.user_review_review_id_seq
    START WITH 1
    INCREMENT BY 1
    NO MINVALUE
    NO MAXVALUE
    CACHE 1
);


--
-- Name: user_wallet_wallet; Type: TABLE; Schema: public; Owner: postgres
--

CREATE TABLE public.user_wallet_wallet (
    id bigint NOT NULL,
    date timestamp with time zone NOT NULL,
    transaction_details character varying(500) NOT NULL,
    transaction_type character varying(50) NOT NULL,
    transaction_amount numeric(10,2) NOT NULL,
    balance_amount numeric(10,2) NOT NULL,
    user_id bigint NOT NULL
);


ALTER TABLE public.user_wallet_wallet OWNER TO postgres;

--
-- Name: user_wallet_wallet_id_seq; Type: SEQUENCE; Schema: public; Owner: postgres
--

ALTER TABLE public.user_wallet_wallet ALTER COLUMN id ADD GENERATED BY DEFAULT AS IDENTITY (
    SEQUENCE NAME public.user_wallet_wallet_id_seq
    START WITH 1
    INCREMENT BY 1
    NO MINVALUE
    NO MAXVALUE
    CACHE 1
);


--
-- Data for Name: account_emailaddress; Type: TABLE DATA; Schema: public; Owner: postgres
--

COPY public.account_emailaddress (id, email, verified, "primary", user_id) FROM stdin;
20	nijithckv2001@gmail.com	t	t	130
\.


--
-- Data for Name: account_emailconfirmation; Type: TABLE DATA; Schema: public; Owner: postgres
--

COPY public.account_emailconfirmation (id, created, sent, key, email_address_id) FROM stdin;
\.


--
-- Data for Name: admin_side_banner; Type: TABLE DATA; Schema: public; Owner: postgres
--

COPY public.admin_side_banner (id, title, subtitle, image, is_listed, variant_id) FROM stdin;
9	VISHU DHAMAKA	A car, or an automobile, is a motor vehicle with wheels. Most definitions of cars state that they run primarily on roads, seat	banner/3-removebg.png	t	18
10	FLY EVENT	An airplane American English or aeroplane Commonwealth English, informally plane, is a fixed-wing aircraft that is propelled	banner/3.png	t	16
\.


--
-- Data for Name: auth_group; Type: TABLE DATA; Schema: public; Owner: postgres
--

COPY public.auth_group (id, name) FROM stdin;
\.


--
-- Data for Name: auth_group_permissions; Type: TABLE DATA; Schema: public; Owner: postgres
--

COPY public.auth_group_permissions (id, group_id, permission_id) FROM stdin;
\.


--
-- Data for Name: auth_permission; Type: TABLE DATA; Schema: public; Owner: postgres
--

COPY public.auth_permission (id, name, content_type_id, codename) FROM stdin;
1	Can add log entry	1	add_logentry
2	Can change log entry	1	change_logentry
3	Can delete log entry	1	delete_logentry
4	Can view log entry	1	view_logentry
5	Can add permission	2	add_permission
6	Can change permission	2	change_permission
7	Can delete permission	2	delete_permission
8	Can view permission	2	view_permission
9	Can add group	3	add_group
10	Can change group	3	change_group
11	Can delete group	3	delete_group
12	Can view group	3	view_group
13	Can add content type	4	add_contenttype
14	Can change content type	4	change_contenttype
15	Can delete content type	4	delete_contenttype
16	Can view content type	4	view_contenttype
17	Can add session	5	add_session
18	Can change session	5	change_session
19	Can delete session	5	delete_session
20	Can view session	5	view_session
21	Can add user	6	add_customuser
22	Can change user	6	change_customuser
23	Can delete user	6	delete_customuser
24	Can view user	6	view_customuser
25	Can add category	7	add_category
26	Can change category	7	change_category
27	Can delete category	7	delete_category
28	Can view category	7	view_category
29	Can add image	8	add_image
30	Can change image	8	change_image
31	Can delete image	8	delete_image
32	Can view image	8	view_image
33	Can add brands	9	add_brands
34	Can change brands	9	change_brands
35	Can delete brands	9	delete_brands
36	Can view brands	9	view_brands
37	Can add products	10	add_products
38	Can change products	10	change_products
39	Can delete products	10	delete_products
40	Can view products	10	view_products
41	Can add color varient	11	add_colorvarient
42	Can change color varient	11	change_colorvarient
43	Can delete color varient	11	delete_colorvarient
44	Can view color varient	11	view_colorvarient
45	Can add cart	12	add_cart
46	Can change cart	12	change_cart
47	Can delete cart	12	delete_cart
48	Can view cart	12	view_cart
49	Can add address	13	add_address
50	Can change address	13	change_address
51	Can delete address	13	delete_address
52	Can view address	13	view_address
53	Can add order item	14	add_orderitem
54	Can change order item	14	change_orderitem
55	Can delete order item	14	delete_orderitem
56	Can view order item	14	view_orderitem
57	Can add order	15	add_order
58	Can change order	15	change_order
59	Can delete order	15	delete_order
60	Can view order	15	view_order
61	Can add wallet	16	add_wallet
62	Can change wallet	16	change_wallet
63	Can delete wallet	16	delete_wallet
64	Can view wallet	16	view_wallet
65	Can add site	17	add_site
66	Can change site	17	change_site
67	Can delete site	17	delete_site
68	Can view site	17	view_site
69	Can add email address	18	add_emailaddress
70	Can change email address	18	change_emailaddress
71	Can delete email address	18	delete_emailaddress
72	Can view email address	18	view_emailaddress
73	Can add email confirmation	19	add_emailconfirmation
74	Can change email confirmation	19	change_emailconfirmation
75	Can delete email confirmation	19	delete_emailconfirmation
76	Can view email confirmation	19	view_emailconfirmation
77	Can add social account	20	add_socialaccount
78	Can change social account	20	change_socialaccount
79	Can delete social account	20	delete_socialaccount
80	Can view social account	20	view_socialaccount
81	Can add social application	21	add_socialapp
82	Can change social application	21	change_socialapp
83	Can delete social application	21	delete_socialapp
84	Can view social application	21	view_socialapp
85	Can add social application token	22	add_socialtoken
86	Can change social application token	22	change_socialtoken
87	Can delete social application token	22	delete_socialtoken
88	Can view social application token	22	view_socialtoken
89	Can add baners	23	add_baners
90	Can change baners	23	change_baners
91	Can delete baners	23	delete_baners
92	Can view baners	23	view_baners
93	Can add banner	23	add_banner
94	Can change banner	23	change_banner
95	Can delete banner	23	delete_banner
96	Can view banner	23	view_banner
97	Can add coupon usage	24	add_couponusage
98	Can change coupon usage	24	change_couponusage
99	Can delete coupon usage	24	delete_couponusage
100	Can view coupon usage	24	view_couponusage
101	Can add coupon	25	add_coupon
102	Can change coupon	25	change_coupon
103	Can delete coupon	25	delete_coupon
104	Can view coupon	25	view_coupon
105	Can add review	26	add_review
106	Can change review	26	change_review
107	Can delete review	26	delete_review
108	Can view review	26	view_review
\.


--
-- Data for Name: django_admin_log; Type: TABLE DATA; Schema: public; Owner: postgres
--

COPY public.django_admin_log (id, action_time, object_id, object_repr, action_flag, change_message, content_type_id, user_id) FROM stdin;
1	2023-12-12 18:00:28.96424+05:30	4	nijithc2v@gmail.com	3		6	1
2	2023-12-14 10:52:52.49321+05:30	11	adhil@gmail.com	3		6	1
3	2023-12-14 10:53:09.542367+05:30	6	asif@gmail.com	3		6	1
4	2023-12-14 10:53:17.852697+05:30	5	nibin@gmail.com	3		6	1
5	2023-12-14 11:02:00.778906+05:30	12	nibin2319@gmail.com	3		6	1
6	2023-12-14 11:03:07.564756+05:30	13	nibin2319@gmail.com	3		6	1
7	2023-12-14 11:11:20.124752+05:30	14	nibin2319@gmail.com	3		6	1
8	2023-12-14 11:17:49.946753+05:30	15	nibin2319@gmail.com	3		6	1
9	2023-12-14 11:27:16.91362+05:30	3	nijithcv1@gmail.com	3		6	1
10	2023-12-14 11:52:56.378295+05:30	16	favasabdulnassar@gmail.com	3		6	1
11	2023-12-14 14:57:15.765846+05:30	18	nibin2319@gmail.com	3		6	1
12	2023-12-14 15:00:20.700384+05:30	19	nibin2319@gmail.com	3		6	1
13	2023-12-14 15:08:01.794143+05:30	20	nibin2319@gmail.com	3		6	1
14	2023-12-14 15:13:12.367216+05:30	21	nibin2319@gmail.com	3		6	1
15	2023-12-14 15:14:38.560604+05:30	22	nibin2319@gmail.com	3		6	1
16	2023-12-16 10:47:04.941621+05:30	23	nibin2319@gmail.com	3		6	1
17	2023-12-16 10:47:04.948455+05:30	17	favasabdulnassar@gmail.com	3		6	1
18	2023-12-16 10:47:04.948455+05:30	10	shibilmhdjr13@gmail.com	3		6	1
19	2023-12-16 11:48:43.613869+05:30	24	favasabdulnassar@gmail.com	3		6	1
20	2023-12-16 13:48:33.665567+05:30	25	xopas24910@anawalls.com	3		6	1
21	2023-12-16 16:19:40.377902+05:30	26	xopas24910@anawalls.com	3		6	1
22	2023-12-16 16:21:19.576254+05:30	27	xopas24910@anawalls.com	3		6	1
23	2023-12-16 16:22:12.847108+05:30	28	xopas24910@anawalls.com	3		6	1
24	2023-12-16 16:26:36.163329+05:30	29	xopas24910@anawalls.com	3		6	1
25	2023-12-16 16:27:18.699619+05:30	30	xopas24910@anawalls.com	3		6	1
26	2023-12-16 16:29:30.889883+05:30	31	xopas24910@anawalls.com	3		6	1
27	2023-12-16 16:31:34.352261+05:30	32	xopas24910@anawalls.com	3		6	1
28	2023-12-16 16:35:39.437736+05:30	33	xopas24910@anawalls.com	3		6	1
29	2023-12-16 16:37:55.647606+05:30	34	xopas24910@anawalls.com	3		6	1
30	2023-12-16 16:38:38.719658+05:30	35	xopas24910@anawalls.com	3		6	1
31	2023-12-16 16:41:28.184759+05:30	36	xopas24910@anawalls.com	3		6	1
32	2023-12-16 16:45:08.871222+05:30	37	xopas24910@anawalls.com	3		6	1
33	2023-12-16 17:12:49.536093+05:30	38	xopas24910@anawalls.com	3		6	1
34	2023-12-16 18:56:25.588207+05:30	40	favasabdulnassar@gmail.com	3		6	1
35	2023-12-16 18:56:25.591446+05:30	39	xopas24910@anawalls.com	3		6	1
36	2023-12-16 20:02:26.80988+05:30	41	favasabdulnassar@gmail.com	3		6	1
37	2023-12-16 20:04:00.18496+05:30	42	favasabdulnassar@gmail.com	3		6	1
38	2023-12-16 20:04:40.483329+05:30	43	favasabdulnassar@gmail.com	3		6	1
39	2023-12-16 20:14:40.808397+05:30	44	favasabdulnassar@gmail.com	3		6	1
40	2023-12-16 20:29:58.48243+05:30	45	favasabdulnassar@gmail.com	3		6	1
41	2023-12-16 20:55:39.379583+05:30	46	javadbinabdullah@gmail.com	3		6	1
42	2023-12-16 21:01:09.707633+05:30	47	javadbinabdullah@gmail.com	3		6	1
43	2023-12-16 21:07:37.617574+05:30	48	javadbinabdullah@gmail.com	3		6	1
44	2023-12-20 11:49:33.308456+05:30	20	fasdf	3		10	1
45	2023-12-20 11:49:33.313133+05:30	19	ssdfsa	3		10	1
46	2023-12-20 11:49:33.313742+05:30	18	fdsf	3		10	1
47	2023-12-21 10:33:22.451228+05:30	9	favas - red	1	[{"added": {}}]	11	1
48	2023-12-21 10:33:37.02083+05:30	10	favas - blue	1	[{"added": {}}]	11	1
49	2023-12-21 10:33:49.35866+05:30	11	Habu - gold	1	[{"added": {}}]	11	1
50	2023-12-21 10:58:20.112302+05:30	1	Images for favas red	1	[{"added": {}}]	8	1
51	2023-12-21 10:58:32.319692+05:30	2	Images for favas red	1	[{"added": {}}]	8	1
52	2023-12-21 16:46:55.924968+05:30	23	Granite	2	[{"changed": {"fields": ["Is listed"]}}]	10	1
53	2023-12-21 16:46:59.363285+05:30	22	Felony-6S	2	[{"changed": {"fields": ["Is listed"]}}]	10	1
54	2023-12-21 16:47:02.534674+05:30	21	Habu	2	[{"changed": {"fields": ["Is listed"]}}]	10	1
55	2023-12-21 18:47:38.855272+05:30	23	Granite	2	[]	10	1
56	2023-12-21 19:13:47.55989+05:30	9	Felony-6S - Orange	3		11	1
57	2023-12-21 19:35:59.937488+05:30	19	Habu - sdgdsb	3		11	1
58	2023-12-21 19:35:59.940159+05:30	17	Habu - Yellow	3		11	1
59	2023-12-21 19:35:59.94116+05:30	15	Habu - 324	3		11	1
60	2023-12-21 19:35:59.94116+05:30	11	Habu - gold322	3		11	1
61	2023-12-22 11:35:37.458271+05:30	2	kids	3		7	1
62	2023-12-22 11:52:00.564406+05:30	28	dfgf	3		10	1
63	2023-12-22 11:52:00.56905+05:30	27	dfgf	3		10	1
64	2023-12-22 18:48:36.515254+05:30	53	favasabdulnassar@gmail.com	3		6	1
65	2023-12-22 18:54:44.637714+05:30	54	hsfdh@gmail.c	3		6	1
66	2023-12-22 18:59:36.076478+05:30	56	favasabdulnassar@gmail.com	3		6	1
67	2023-12-22 19:03:46.620216+05:30	57	favasabdulnassar@gmail.com	3		6	1
68	2023-12-22 19:06:47.932899+05:30	58	favasabdulnassar@gmail.com	3		6	1
69	2023-12-22 19:07:29.882954+05:30	59	favasabdulnassar@gmail.com	3		6	1
70	2023-12-22 19:09:14.493286+05:30	60	favasabdulnassar@gmail.com	3		6	1
71	2023-12-22 19:09:31.227887+05:30	61	favasabdulnassar@gmail.com	3		6	1
72	2023-12-22 19:11:28.012131+05:30	62	favasabdulnassar@gmail.com	3		6	1
73	2023-12-22 19:13:23.915995+05:30	63	favasabdulnassar@gmail.com	3		6	1
74	2023-12-22 19:14:14.447275+05:30	55	hsfdh@gmail.c	3		6	1
75	2023-12-22 19:18:11.616371+05:30	64	favasabdulnassar@gmail.com	3		6	1
76	2023-12-22 19:20:15.29333+05:30	65	favasabdulnassar@gmail.com	3		6	1
77	2023-12-22 19:21:01.311261+05:30	66	favasabdulnassar@gmail.com	3		6	1
78	2023-12-22 19:35:37.47295+05:30	50	nijithckv@gmail.com	3		6	1
79	2023-12-22 19:39:17.813391+05:30	67	nijithckv@gmail.com	3		6	1
80	2023-12-22 19:40:48.420911+05:30	68	nijithckv@gmail.com	3		6	1
81	2023-12-22 19:46:50.704227+05:30	69	nijithckv@gmail.com	3		6	1
82	2023-12-22 20:06:50.316472+05:30	70	nijithckv@gmail.com	2	[{"changed": {"fields": ["Is listed"]}}]	6	1
83	2023-12-23 00:17:56.199841+05:30	7	     jhgghj	3		9	1
84	2023-12-23 00:17:56.203359+05:30	6	            	3		9	1
85	2023-12-23 00:35:50.585153+05:30	9	  esfesa	3		9	1
86	2023-12-23 00:35:50.591478+05:30	8	           	3		9	1
87	2023-12-23 00:37:56.632631+05:30	11	                      	3		9	1
88	2023-12-23 00:37:56.634577+05:30	10	  kjhkjkjhkj	3		9	1
89	2023-12-23 00:45:46.238752+05:30	7	               	3		7	1
90	2023-12-23 00:45:46.240653+05:30	6	                 	3		7	1
91	2023-12-23 01:19:08.279646+05:30	39	asdasasfsag	3		10	1
92	2023-12-23 01:19:08.279646+05:30	38	afssadfs	3		10	1
93	2023-12-23 01:19:08.279646+05:30	37	          	3		10	1
94	2023-12-23 01:19:08.283947+05:30	36	                               	3		10	1
95	2023-12-23 01:19:08.284692+05:30	35	                	3		10	1
96	2023-12-23 01:19:08.286045+05:30	34	                    sa  	3		10	1
97	2023-12-23 01:19:08.28655+05:30	33	       sdffsg	3		10	1
98	2023-12-23 01:19:08.286941+05:30	32	             hjg	3		10	1
99	2023-12-23 01:19:08.287315+05:30	31	                       	3		10	1
100	2023-12-23 01:19:08.287683+05:30	30	                                            	3		10	1
101	2023-12-23 01:48:10.481477+05:30	12	kill	3		9	1
102	2023-12-23 01:48:19.137876+05:30	8	killl	3		7	1
103	2023-12-23 02:05:24.82405+05:30	70	nijithckv@gmail.com	3		6	1
104	2023-12-23 02:10:12.306824+05:30	71	nijithckv@gmail.com	3		6	1
105	2023-12-23 02:27:56.540538+05:30	72	nijithckv@gmail.com	3		6	1
106	2023-12-23 02:29:57.75902+05:30	73	nijithckv@gmail.com	3		6	1
107	2023-12-23 02:31:19.769345+05:30	74	nijithckv@gmail.com	3		6	1
108	2023-12-23 02:35:54.702978+05:30	75	nijithckv@gmail.com	3		6	1
109	2023-12-23 02:42:45.144428+05:30	76	nijithckv@gmail.com	3		6	1
110	2023-12-23 02:47:38.401986+05:30	77	nijithckv@gmail.com	3		6	1
111	2023-12-23 02:48:47.999908+05:30	78	nijithckv@gmail.com	3		6	1
112	2023-12-23 03:48:43.150103+05:30	79	nijithckv@gmail.com	3		6	1
113	2023-12-23 09:51:51.178022+05:30	80	nijithckv@gmail.com	3		6	1
114	2024-01-05 11:47:30.816063+05:30	68e12cf2	Alien's Order | ID : 68e12cf2	3		15	1
115	2024-01-05 11:47:31.149712+05:30	0a3177e7	Alien's Order | ID : 0a3177e7	3		15	1
116	2024-01-05 11:50:27.08097+05:30	6ce6ba10	Alien's Order | ID : 6ce6ba10	3		15	1
117	2024-01-05 11:55:28.476769+05:30	ee928bb9	Alien's Order | ID : ee928bb9	3		15	1
118	2024-01-05 11:57:33.454628+05:30	17dfc44b	Alien's Order | ID : 17dfc44b	3		15	1
119	2024-01-05 12:41:49.725696+05:30	cfee03ca	Alien's Order | ID : cfee03ca	3		15	1
120	2024-01-05 12:41:49.729684+05:30	28f082f9	Alien's Order | ID : 28f082f9	3		15	1
121	2024-01-05 12:41:49.729684+05:30	13eca991	Alien's Order | ID : 13eca991	3		15	1
122	2024-01-05 12:49:20.216113+05:30	b7443177	Alien's Order | ID : b7443177	3		15	1
123	2024-01-05 12:49:20.218107+05:30	a9eb5622	Alien's Order | ID : a9eb5622	3		15	1
124	2024-01-05 12:49:20.219705+05:30	a1456721	Alien's Order | ID : a1456721	3		15	1
125	2024-01-05 12:49:20.219705+05:30	700e64bb	Alien's Order | ID : 700e64bb	3		15	1
126	2024-01-05 12:49:20.220706+05:30	5d0f8b9c	Alien's Order | ID : 5d0f8b9c	3		15	1
127	2024-01-05 12:49:20.220706+05:30	03fd5f32	Alien's Order | ID : 03fd5f32	3		15	1
128	2024-01-05 12:52:54.440207+05:30	bfc1e2ec	Alien's Order | ID : bfc1e2ec	3		15	1
129	2024-01-05 12:52:54.443237+05:30	682c2f3f	Alien's Order | ID : 682c2f3f	3		15	1
130	2024-01-05 12:52:54.443237+05:30	01e64b1d	Alien's Order | ID : 01e64b1d	3		15	1
131	2024-01-05 13:16:55.03409+05:30	dc3c6982	Alien's Order | ID : dc3c6982	3		15	1
132	2024-01-05 13:16:55.038616+05:30	d6c41ada	Alien's Order | ID : d6c41ada	3		15	1
133	2024-01-05 13:16:55.038616+05:30	aa762f31	Alien's Order | ID : aa762f31	3		15	1
134	2024-01-05 13:16:55.038616+05:30	a7297b5a	Alien's Order | ID : a7297b5a	3		15	1
135	2024-01-05 13:16:55.039613+05:30	8577275a	Alien's Order | ID : 8577275a	3		15	1
136	2024-01-05 13:16:55.039613+05:30	6af32521	Alien's Order | ID : 6af32521	3		15	1
137	2024-01-05 13:16:55.04061+05:30	69e341fb	Alien's Order | ID : 69e341fb	3		15	1
138	2024-01-05 13:16:55.04061+05:30	62a0ac2d	Alien's Order | ID : 62a0ac2d	3		15	1
139	2024-01-05 13:16:55.04061+05:30	4e6aa67c	Alien's Order | ID : 4e6aa67c	3		15	1
140	2024-01-05 15:38:44.338311+05:30	dcbf08b7	Alien's Order | ID : dcbf08b7	3		15	1
141	2024-01-05 16:26:24.108953+05:30	75e56a24	Alien's Order | ID : 75e56a24	3		15	1
142	2024-01-05 16:50:58.781173+05:30	d26731a0	Alien's Order | ID : d26731a0	3		15	1
143	2024-01-06 01:38:48.962462+05:30	e440f745	Alien's Order | ID : e440f745	3		15	1
144	2024-01-06 01:38:48.966452+05:30	cc25cdf2	Alien's Order | ID : cc25cdf2	3		15	1
145	2024-01-06 01:38:48.967959+05:30	a983ee6c	Alien's Order | ID : a983ee6c	3		15	1
146	2024-01-06 01:38:48.967959+05:30	a7d8c6a7	Alien's Order | ID : a7d8c6a7	3		15	1
147	2024-01-06 14:27:44.277688+05:30	20	Address for nijithckv@gmail.com	3		13	1
148	2024-01-06 14:27:44.28035+05:30	19	Address for nijithckv@gmail.com	3		13	1
149	2024-01-06 14:27:44.281693+05:30	18	Address for nijithckv@gmail.com	3		13	1
150	2024-01-06 14:27:44.281693+05:30	17	Address for nijithckv@gmail.com	3		13	1
151	2024-01-06 14:27:44.282693+05:30	8	Address for nijithckv@gmail.com	3		13	1
152	2024-01-07 15:35:21.510055+05:30	ff7819c8	Alien's Order | ID : ff7819c8	3		15	1
153	2024-01-07 15:35:21.513078+05:30	d7e6d7ea	Alien's Order | ID : d7e6d7ea	3		15	1
154	2024-01-07 15:35:21.513078+05:30	cb80eef3	Alien's Order | ID : cb80eef3	3		15	1
155	2024-01-07 15:35:21.51467+05:30	5fbacb44	Alien's Order | ID : 5fbacb44	3		15	1
156	2024-01-07 15:54:37.314856+05:30	d8400247	Alien's Order | ID : d8400247	3		15	1
157	2024-01-07 16:17:10.663986+05:30	81	nijithckv@gmail.com	3		6	1
158	2024-01-07 16:17:10.666534+05:30	52	nibin2319@gmail.com	3		6	1
159	2024-01-07 16:17:10.666534+05:30	51	tkabhishek.private@gmail.com	3		6	1
160	2024-01-07 16:17:10.667533+05:30	49	javadbinabdullah@gmail.com	3		6	1
161	2024-01-07 16:26:22.600994+05:30	82	nijithckv@gmail.com	3		6	1
162	2024-01-07 18:12:12.91361+05:30	035216e0	NIJITH's Order | ID : 035216e0	3		15	1
163	2024-01-08 12:30:33.90107+05:30	84	jayaprakasancv1958@gmail.com	3		6	1
164	2024-01-08 12:32:48.034511+05:30	85	jayaprakasancv1958@gmail.com	3		6	1
165	2024-01-08 12:57:05.843038+05:30	86	jayaprakasancv1958@gmail.com	3		6	1
166	2024-01-08 12:58:17.63731+05:30	87	jayaprakasancv1958@gmail.com	3		6	1
167	2024-01-08 13:04:16.259619+05:30	88	jayaprakasancv1958@gmail.com	3		6	1
168	2024-01-08 13:11:57.143375+05:30	89	jayaprakasancv1958@gmail.com	3		6	1
169	2024-01-08 13:14:14.339027+05:30	93	jayaprakasancv1958@gmail.com	3		6	1
170	2024-01-08 13:23:06.810233+05:30	94	jayaprakasancv1958@gmail.com	3		6	1
171	2024-01-08 13:32:23.723783+05:30	95	jayaprakasancv1958@gmail.com	3		6	1
172	2024-01-08 13:36:26.229838+05:30	96	jayaprakasancv1958@gmail.com	3		6	1
173	2024-01-12 14:24:39.123881+05:30	f554bace	Nijith's Order | ID : f554bace	3		15	1
174	2024-01-12 14:24:39.129865+05:30	d954ea28	Nijith's Order | ID : d954ea28	3		15	1
175	2024-01-12 14:24:39.130862+05:30	bd6bf73b	Nijith's Order | ID : bd6bf73b	3		15	1
176	2024-01-12 14:24:39.130862+05:30	bb069cbb	Nijith's Order | ID : bb069cbb	3		15	1
177	2024-01-12 14:24:39.131859+05:30	bad5769d	Nijith's Order | ID : bad5769d	3		15	1
178	2024-01-12 14:24:39.131859+05:30	b6ea3e7d	Nijith's Order | ID : b6ea3e7d	3		15	1
179	2024-01-12 14:24:39.132927+05:30	a68dd497	Nijith's Order | ID : a68dd497	3		15	1
180	2024-01-12 14:24:39.133923+05:30	a3a0d09c	Nijith's Order | ID : a3a0d09c	3		15	1
181	2024-01-12 14:24:39.133923+05:30	9d9b23af	Nijith's Order | ID : 9d9b23af	3		15	1
182	2024-01-12 14:24:39.134922+05:30	9906e3ba	Nijith's Order | ID : 9906e3ba	3		15	1
183	2024-01-12 14:24:39.134922+05:30	93cd7669	Nijith's Order | ID : 93cd7669	3		15	1
184	2024-01-12 14:24:39.135919+05:30	87e0c255	Nijith's Order | ID : 87e0c255	3		15	1
185	2024-01-12 14:24:39.135919+05:30	875038c0	Nijith's Order | ID : 875038c0	3		15	1
186	2024-01-12 14:24:39.135919+05:30	817b0eca	Nijith's Order | ID : 817b0eca	3		15	1
187	2024-01-12 14:24:39.136917+05:30	80ea2a9f	Nijith's Order | ID : 80ea2a9f	3		15	1
188	2024-01-12 14:24:39.136917+05:30	7e6c149c	Nijith's Order | ID : 7e6c149c	3		15	1
189	2024-01-12 14:24:39.137914+05:30	7a82cc68	Nijith's Order | ID : 7a82cc68	3		15	1
190	2024-01-12 14:24:39.137914+05:30	78809a38	Nijith's Order | ID : 78809a38	3		15	1
191	2024-01-12 14:24:39.137914+05:30	7658615e	Nijith's Order | ID : 7658615e	3		15	1
192	2024-01-12 14:24:39.138911+05:30	490c7a6a	Nijith's Order | ID : 490c7a6a	3		15	1
193	2024-01-12 14:24:39.138911+05:30	43d94f6f	Nijith's Order | ID : 43d94f6f	3		15	1
194	2024-01-12 14:24:39.139908+05:30	2653219b	Nijith's Order | ID : 2653219b	3		15	1
195	2024-01-12 14:24:39.139908+05:30	263015dd	Nijith's Order | ID : 263015dd	3		15	1
196	2024-01-12 14:24:39.140905+05:30	1cbfd816	Nijith's Order | ID : 1cbfd816	3		15	1
197	2024-01-12 14:24:39.140905+05:30	1b36a59e	Nijith's Order | ID : 1b36a59e	3		15	1
198	2024-01-12 14:24:39.140905+05:30	1abad786	Nijith's Order | ID : 1abad786	3		15	1
199	2024-01-12 14:24:39.141903+05:30	0ee97992	Nijith's Order | ID : 0ee97992	3		15	1
200	2024-01-12 14:24:39.141903+05:30	0c183eab	Nijith's Order | ID : 0c183eab	3		15	1
201	2024-01-12 14:24:39.141903+05:30	073d27cf	Nijith's Order | ID : 073d27cf	3		15	1
202	2024-01-12 14:24:39.143105+05:30	02a81c7d	Nijith's Order | ID : 02a81c7d	3		15	1
203	2024-01-12 14:37:03.788282+05:30	e5710065	Nijith's Order | ID : e5710065	3		15	1
204	2024-01-12 14:37:03.791477+05:30	d4c5a3b7	Nijith's Order | ID : d4c5a3b7	3		15	1
205	2024-01-12 14:37:03.792475+05:30	a94faf61	Nijith's Order | ID : a94faf61	3		15	1
206	2024-01-15 01:05:04.691461+05:30	4	nijithckv@gmail.com - 2024-01-15 - Added Money through RazorPay	3		16	1
207	2024-01-15 01:05:04.696052+05:30	3	nijithckv@gmail.com - 2024-01-15 - 	3		16	1
208	2024-01-15 10:29:06.532854+05:30	8	nijithckv@gmail.com - 2024-01-15 - Added Money through RazorPay	3		16	1
209	2024-01-15 10:29:06.535778+05:30	7	nijithckv@gmail.com - 2024-01-15 - Added Money through RazorPay	3		16	1
210	2024-01-15 10:29:06.536313+05:30	6	nijithckv@gmail.com - 2024-01-15 - Added Money through RazorPay	3		16	1
211	2024-01-15 10:29:06.536767+05:30	5	nijithckv@gmail.com - 2024-01-15 - Added Money through RazorPay	3		16	1
212	2024-01-17 15:36:09.517427+05:30	f6868da9	Nijith's Order | ID : f6868da9	3		15	1
213	2024-01-17 15:36:09.524746+05:30	f25fbcb2	Nijith's Order | ID : f25fbcb2	3		15	1
214	2024-01-17 15:36:09.525777+05:30	e1050ce1	Nijith's Order | ID : e1050ce1	3		15	1
215	2024-01-17 15:36:09.526745+05:30	db0a8bad	Nijith's Order | ID : db0a8bad	3		15	1
216	2024-01-17 15:36:09.526745+05:30	cf27effc	Nijith's Order | ID : cf27effc	3		15	1
217	2024-01-17 15:36:09.527741+05:30	c4e240b7	Nijith's Order | ID : c4e240b7	3		15	1
218	2024-01-17 15:36:09.527741+05:30	bbb3d2ee	Nijith's Order | ID : bbb3d2ee	3		15	1
219	2024-01-17 15:36:09.528738+05:30	ac78ff8b	Nijith's Order | ID : ac78ff8b	3		15	1
220	2024-01-17 15:36:09.528738+05:30	a1696b85	Nijith's Order | ID : a1696b85	3		15	1
221	2024-01-17 15:36:09.528738+05:30	9ba5cb98	Nijith's Order | ID : 9ba5cb98	3		15	1
222	2024-01-17 15:36:09.528738+05:30	7cf97198	Nijith's Order | ID : 7cf97198	3		15	1
223	2024-01-17 15:36:09.530031+05:30	7727522c	Nijith's Order | ID : 7727522c	3		15	1
224	2024-01-17 15:36:09.530633+05:30	74d0225f	Nijith's Order | ID : 74d0225f	3		15	1
225	2024-01-17 15:36:09.530997+05:30	631728b5	Nijith's Order | ID : 631728b5	3		15	1
226	2024-01-17 15:36:09.531367+05:30	58e8d2f0	Nijith's Order | ID : 58e8d2f0	3		15	1
227	2024-01-17 15:36:09.531726+05:30	50dc43a0	Nijith's Order | ID : 50dc43a0	3		15	1
228	2024-01-17 15:36:09.531726+05:30	4e3a8503	Nijith's Order | ID : 4e3a8503	3		15	1
229	2024-01-17 15:36:09.531726+05:30	4d8e04f5	Nijith's Order | ID : 4d8e04f5	3		15	1
230	2024-01-17 15:36:09.532742+05:30	4499c2d3	Nijith's Order | ID : 4499c2d3	3		15	1
231	2024-01-17 15:36:09.532742+05:30	36cfede3	Nijith's Order | ID : 36cfede3	3		15	1
232	2024-01-17 15:36:09.533748+05:30	208369be	Nijith's Order | ID : 208369be	3		15	1
233	2024-01-17 15:36:09.533748+05:30	1d95d266	Nijith's Order | ID : 1d95d266	3		15	1
234	2024-01-17 15:36:09.534753+05:30	0bf9d44f	Nijith's Order | ID : 0bf9d44f	3		15	1
235	2024-01-17 15:36:09.534753+05:30	07c0903e	Nijith's Order | ID : 07c0903e	3		15	1
236	2024-01-17 15:36:39.945024+05:30	28	nijithckv@gmail.com - 2024-01-17 - Recieved Money through Order Cancel	3		16	1
237	2024-01-17 15:36:39.948079+05:30	27	nijithckv@gmail.com - 2024-01-16 - Recieved Money through Order Cancel	3		16	1
238	2024-01-17 15:36:39.948079+05:30	26	nijithckv@gmail.com - 2024-01-16 - Purchased for Rs.359.00	3		16	1
239	2024-01-17 15:36:39.949288+05:30	25	nijithckv@gmail.com - 2024-01-15 - Purchased for Rs.9588.00	3		16	1
240	2024-01-17 15:36:39.950007+05:30	24	nijithckv@gmail.com - 2024-01-15 - Purchased for Rs.499.00	3		16	1
241	2024-01-17 15:36:39.950007+05:30	23	nijithckv@gmail.com - 2024-01-15 - Recieved Money through Order Cancel	3		16	1
242	2024-01-17 15:36:39.950007+05:30	22	nijithckv@gmail.com - 2024-01-15 - Recieved Money through Order Cancel	3		16	1
243	2024-01-17 15:36:39.951164+05:30	21	nijithckv@gmail.com - 2024-01-15 - Recieved Money through Order Cancel	3		16	1
244	2024-01-17 15:36:39.951164+05:30	20	nijithckv@gmail.com - 2024-01-15 - Purchased for Rs.260.00	3		16	1
245	2024-01-17 15:36:39.952164+05:30	19	nijithckv@gmail.com - 2024-01-15 - Recieved Money through Order Cancel	3		16	1
246	2024-01-17 15:36:39.952164+05:30	18	nijithckv@gmail.com - 2024-01-15 - Recieved Money through Order Cancel	3		16	1
247	2024-01-17 15:36:39.952164+05:30	17	nijithckv@gmail.com - 2024-01-15 - Recieved Money through Order Cancel	3		16	1
248	2024-01-17 15:36:39.952164+05:30	16	nijithckv@gmail.com - 2024-01-15 - Recieved Money through Order Cancel	3		16	1
249	2024-01-17 15:36:39.95367+05:30	15	nijithckv@gmail.com - 2024-01-15 - Recieved Money through Order Cancel	3		16	1
250	2024-01-17 15:36:39.954267+05:30	14	nijithckv@gmail.com - 2024-01-15 - Recieved Money through Order Cancel	3		16	1
251	2024-01-17 15:36:39.954625+05:30	13	nijithckv@gmail.com - 2024-01-15 - Purchased for Rs.499.00	3		16	1
252	2024-01-17 15:36:39.954994+05:30	12	nijithckv@gmail.com - 2024-01-15 - Purchased for Rs.260.00	3		16	1
253	2024-01-17 15:36:39.954994+05:30	11	nijithckv@gmail.com - 2024-01-15 - Purchased for Rs.499.00	3		16	1
254	2024-01-17 15:36:39.954994+05:30	10	nijithckv@gmail.com - 2024-01-15 - Added Money through RazorPay	3		16	1
255	2024-01-17 15:36:39.95617+05:30	9	nijithckv@gmail.com - 2024-01-15 - Added Money through RazorPay	3		16	1
256	2024-01-17 19:22:54.367203+05:30	f2d1eb12	Nijith's Order | ID : f2d1eb12	2	[{"changed": {"fields": ["Expected date"]}}]	15	1
257	2024-01-17 19:23:56.454482+05:30	f2d1eb12	Nijith's Order | ID : f2d1eb12	2	[{"changed": {"fields": ["Expected date"]}}]	15	1
258	2024-01-18 13:26:26.399543+05:30	1	example.com	3		17	1
259	2024-01-18 13:27:14.08891+05:30	2	http://127.0.0.1:8000	1	[{"added": {}}]	17	1
260	2024-01-18 13:29:46.125396+05:30	1	google	1	[{"added": {}}]	21	1
261	2024-01-18 16:00:04.055919+05:30	3	nijithckv@gmail.com	3		18	1
262	2024-01-18 16:00:52.721269+05:30	108	frsfs	3		6	1
263	2024-01-18 16:44:52.153262+05:30	107	favas	3		6	1
264	2024-01-18 16:44:52.155778+05:30	106	nibin	3		6	1
265	2024-01-18 18:04:50.471186+05:30	5	nibin	3		20	1
266	2024-01-18 18:04:50.474737+05:30	4	favas	3		20	1
267	2024-01-18 18:05:12.042093+05:30	110	nibin	3		6	1
268	2024-01-18 18:05:12.045087+05:30	109	favas	3		6	1
269	2024-01-19 09:23:41.039447+05:30	83	nijithckv@gmail.com	3		6	1
270	2024-01-19 10:26:37.702599+05:30	9	nijithckv2001@gmail.com	3		18	1
271	2024-01-19 10:26:37.705639+05:30	8	nijithckv@gmail.com	3		18	1
272	2024-01-19 10:26:37.706664+05:30	7	jayaprakasancv1958@gmail.com	3		18	1
273	2024-01-19 10:26:37.706664+05:30	6	favasabdulnassar@gmail.com	3		18	1
274	2024-01-19 10:26:58.496433+05:30	9	utg	3		20	1
275	2024-01-19 10:26:58.499456+05:30	8	nijith	3		20	1
276	2024-01-19 10:26:58.500495+05:30	7	jayaprakasan	3		20	1
277	2024-01-19 10:26:58.501007+05:30	6	favas	3		20	1
278	2024-01-19 10:27:33.207968+05:30	114	utg	3		6	1
279	2024-01-19 10:27:33.210478+05:30	113	nijith	3		6	1
280	2024-01-19 10:27:33.211497+05:30	112	jayaprakasan	3		6	1
281	2024-01-19 10:27:33.212007+05:30	111	favas	3		6	1
282	2024-01-19 10:44:37.026428+05:30	2	http://127.0.0.1:8000	2	[]	17	1
283	2024-01-19 10:47:15.285908+05:30	2	http://127.0.0.1:8000	3		17	1
284	2024-01-19 10:47:26.258534+05:30	3	http://127.0.0.1:8000	1	[{"added": {}}]	17	1
285	2024-01-19 10:50:20.528336+05:30	3	http://127.0.0.1:8000	3		17	1
286	2024-01-19 10:50:58.925278+05:30	4	http://127.0.0.1:8000	1	[{"added": {}}]	17	1
287	2024-01-19 10:53:33.149406+05:30	115	nijithckv@gmail.com	3		6	1
288	2024-01-19 10:58:27.172567+05:30	9	Hello	3		7	1
289	2024-01-19 11:16:06.885385+05:30	1	google	2	[{"changed": {"fields": ["Sites"]}}]	21	1
290	2024-01-19 11:20:42.585853+05:30	12	nijithckv2001@gmail.com	3		18	1
291	2024-01-19 11:20:42.589978+05:30	11	nijithckv@gmail.com	3		18	1
292	2024-01-19 11:20:42.589978+05:30	10	favasabdulnassar@gmail.com	3		18	1
293	2024-01-19 11:20:55.75851+05:30	118	dfs	3		6	1
294	2024-01-19 11:20:55.760025+05:30	117	sdf	3		6	1
295	2024-01-19 11:20:55.761025+05:30	116	adsf	3		6	1
296	2024-01-19 11:23:17.741139+05:30	119	favas	3		6	1
297	2024-01-19 11:33:59.656551+05:30	121	df	3		6	1
298	2024-01-19 14:37:01.850577+05:30	120	nijithckv@gmail.com	3		6	1
299	2024-01-19 17:21:27.420716+05:30	123	nijith	3		6	1
300	2024-01-19 20:32:14.81025+05:30	17	jayaprakasan	3		20	1
301	2024-01-19 20:32:14.818105+05:30	15	utg	3		20	1
302	2024-01-19 20:32:52.214549+05:30	17	jayaprakasancv1958@gmail.com	3		18	1
303	2024-01-19 20:32:52.217051+05:30	15	nijithckv2001@gmail.com	3		18	1
304	2024-01-19 20:36:09.152758+05:30	1	google	2	[{"changed": {"fields": ["Sites"]}}]	21	1
305	2024-01-19 20:36:21.820831+05:30	4	http://127.0.0.1:8000	3		17	1
306	2024-01-19 20:36:39.441531+05:30	5	http://127.0.0.1:8000	1	[{"added": {}}]	17	1
307	2024-01-19 20:37:42.695134+05:30	1	google	2	[{"changed": {"fields": ["Sites"]}}]	21	1
308	2024-01-19 20:38:04.003713+05:30	5	http://127.0.0.1:8000	2	[]	17	1
309	2024-01-20 16:52:35.911611+05:30	1	Banner object (1)	2	[{"changed": {"fields": ["Image"]}}]	23	1
310	2024-01-20 16:52:40.574413+05:30	3	Banner object (3)	3		23	1
311	2024-01-20 16:52:40.577433+05:30	2	Banner object (2)	3		23	1
312	2024-01-20 17:11:39.760223+05:30	1	Banner object (1)	2	[{"changed": {"fields": ["Image"]}}]	23	1
313	2024-01-20 17:12:08.489902+05:30	1	Banner object (1)	2	[]	23	1
314	2024-01-20 17:42:40.016605+05:30	4	Banner object (4)	2	[{"changed": {"fields": ["Image"]}}]	23	1
315	2024-01-20 18:32:35.006187+05:30	4	Banner object (4)	2	[{"changed": {"fields": ["Image"]}}]	23	1
316	2024-01-20 18:32:56.088329+05:30	1	Banner object (1)	2	[{"changed": {"fields": ["Image"]}}]	23	1
317	2024-01-21 12:14:56.848531+05:30	41	fdf	3		10	1
318	2024-01-21 12:45:18.793194+05:30	124	jayaprakasan	3		6	1
319	2024-01-21 12:45:18.830812+05:30	122	utg	3		6	1
320	2024-01-23 02:36:58.838033+05:30	5	JI	3		25	1
321	2024-01-23 02:36:58.844016+05:30	4	HI	3		25	1
322	2024-01-23 02:36:58.844016+05:30	3	Halloween	3		25	1
323	2024-01-23 02:36:58.845014+05:30	2	NEW YEAR	3		25	1
324	2024-01-23 02:36:58.845014+05:30	1	VISHU SALE	3		25	1
325	2024-01-23 13:29:23.780767+05:30	7	FAV	3		25	1
326	2024-01-23 13:29:23.782761+05:30	6	HI	3		25	1
327	2024-01-23 13:31:58.710272+05:30	25	CouponUsage object (25)	3		24	1
328	2024-01-23 13:31:58.714251+05:30	15	CouponUsage object (15)	3		24	1
329	2024-01-23 13:31:58.714251+05:30	5	CouponUsage object (5)	3		24	1
330	2024-01-23 13:31:58.714251+05:30	4	CouponUsage object (4)	3		24	1
331	2024-01-23 13:31:58.71567+05:30	1	CouponUsage object (1)	3		24	1
332	2024-01-23 13:43:37.837025+05:30	8	VISHU	3		25	1
333	2024-01-23 16:00:45.637387+05:30	9	HI	3		25	1
334	2024-01-25 13:49:47.299187+05:30	6	Review object (6)	3		26	1
335	2024-01-25 15:05:10.320841+05:30	15	Favas	3		26	1
336	2024-01-25 15:05:10.322835+05:30	14	Favas	3		26	1
337	2024-01-25 15:05:10.323833+05:30	13	Favas	3		26	1
338	2024-01-25 15:05:10.323833+05:30	12	Favas	3		26	1
339	2024-01-25 15:05:10.32483+05:30	11	Favas	3		26	1
340	2024-01-25 15:05:10.325828+05:30	10	Favas	3		26	1
341	2024-01-25 15:05:10.325828+05:30	9	Favas	3		26	1
342	2024-01-25 15:05:10.325828+05:30	8	Favas	3		26	1
343	2024-01-25 15:05:10.325828+05:30	7	Favas	3		26	1
344	2024-01-25 15:05:38.218173+05:30	16	Favas	3		26	1
345	2024-01-25 15:23:01.105865+05:30	40	Favas	3		26	1
346	2024-01-25 15:23:01.107839+05:30	39	Favas	3		26	1
347	2024-01-25 15:23:01.107839+05:30	38	Favas	3		26	1
348	2024-01-25 15:23:01.109345+05:30	37	Favas	3		26	1
349	2024-01-25 15:23:01.109423+05:30	36	Favas	3		26	1
350	2024-01-25 15:23:01.109423+05:30	35	Favas	3		26	1
351	2024-01-25 15:23:01.11042+05:30	34	Favas	3		26	1
352	2024-01-25 15:23:01.111445+05:30	33	Favas	3		26	1
353	2024-01-25 15:23:01.111445+05:30	32	Favas	3		26	1
354	2024-01-25 15:23:01.112416+05:30	31	Favas	3		26	1
355	2024-01-25 15:23:01.113412+05:30	30	Favas	3		26	1
356	2024-01-25 15:23:01.113412+05:30	29	Favas	3		26	1
357	2024-01-25 15:23:01.113412+05:30	28	Favas	3		26	1
358	2024-01-25 15:23:01.114409+05:30	27	Favas	3		26	1
359	2024-01-25 15:23:01.115408+05:30	26	Favas	3		26	1
360	2024-01-25 15:23:01.115408+05:30	25	Favas	3		26	1
361	2024-01-25 15:23:01.116404+05:30	24	Favas	3		26	1
362	2024-01-25 15:23:01.116404+05:30	23	Favas	3		26	1
363	2024-01-25 15:23:01.116404+05:30	22	Favas	3		26	1
364	2024-01-25 15:23:01.117401+05:30	21	Favas	3		26	1
365	2024-01-25 15:23:01.117401+05:30	20	Favas	3		26	1
366	2024-01-25 15:23:01.117401+05:30	19	Favas	3		26	1
367	2024-01-25 15:23:01.118399+05:30	18	Favas	3		26	1
368	2024-01-25 15:23:01.118399+05:30	17	Favas	3		26	1
369	2024-01-25 15:23:12.263043+05:30	41	Favas	3		26	1
370	2024-01-25 16:54:02.764194+05:30	55	Favas	3		26	1
371	2024-01-25 16:54:02.765709+05:30	54	Favas	3		26	1
372	2024-01-25 16:54:02.766719+05:30	53	Favas	3		26	1
373	2024-01-25 16:54:02.767727+05:30	52	Favas	3		26	1
374	2024-01-25 16:54:02.767727+05:30	51	Favas	3		26	1
375	2024-01-25 16:54:02.768735+05:30	50	Favas	3		26	1
376	2024-01-25 16:54:02.768735+05:30	49	Favas	3		26	1
377	2024-01-25 16:54:02.769741+05:30	48	Favas	3		26	1
378	2024-01-25 16:54:02.769741+05:30	47	Favas	3		26	1
379	2024-01-25 16:54:02.769741+05:30	46	Favas	3		26	1
380	2024-01-25 16:54:02.77074+05:30	45	Favas	3		26	1
381	2024-01-25 16:54:02.771243+05:30	44	Favas	3		26	1
382	2024-01-25 16:54:02.772243+05:30	43	Favas	3		26	1
383	2024-01-25 16:54:02.772746+05:30	42	Favas	3		26	1
384	2024-01-25 16:54:40.415954+05:30	56	Favas	2	[{"changed": {"fields": ["Rating"]}}]	26	1
385	2024-01-25 16:55:16.911291+05:30	56	Favas	2	[{"changed": {"fields": ["Review"]}}]	26	1
386	2024-01-25 17:47:59.981373+05:30	57	Favas	3		26	1
387	2024-01-25 17:53:58.466249+05:30	59	Favas	3		26	1
388	2024-01-25 17:53:58.469233+05:30	58	Favas	3		26	1
389	2024-01-25 17:53:58.469233+05:30	56	Favas	3		26	1
390	2024-01-25 17:56:50.925168+05:30	61	Favas	3		26	1
391	2024-01-25 17:56:50.928159+05:30	60	Favas	3		26	1
392	2024-01-25 18:08:24.904207+05:30	70	Favas	3		26	1
393	2024-01-25 18:08:24.906719+05:30	69	Favas	3		26	1
394	2024-01-25 18:08:24.907724+05:30	68	Favas	3		26	1
395	2024-01-25 18:08:24.907724+05:30	67	Favas	3		26	1
396	2024-01-25 18:08:24.908721+05:30	66	Favas	3		26	1
397	2024-01-25 18:08:24.908721+05:30	65	Favas	3		26	1
398	2024-01-25 18:08:24.909719+05:30	64	Favas	3		26	1
399	2024-01-25 18:08:24.909719+05:30	63	Favas	3		26	1
400	2024-01-25 18:08:24.910716+05:30	62	Favas	3		26	1
401	2024-01-25 18:20:23.005583+05:30	79	Favas	3		26	1
402	2024-01-25 18:20:23.009142+05:30	77	Favas	3		26	1
403	2024-01-25 18:20:23.009142+05:30	75	Favas	3		26	1
404	2024-01-25 18:20:23.010135+05:30	74	Favas	3		26	1
405	2024-01-25 18:20:23.010135+05:30	73	Favas	3		26	1
406	2024-01-25 18:20:23.011132+05:30	72	Favas	3		26	1
407	2024-01-25 18:20:23.011132+05:30	71	Favas	3		26	1
408	2024-01-26 09:44:12.870992+05:30	90	UTG	3		26	1
409	2024-01-26 09:44:12.876976+05:30	89	UTG	3		26	1
410	2024-01-26 09:44:12.877974+05:30	88	UTG	3		26	1
411	2024-01-26 09:44:12.877974+05:30	87	UTG	3		26	1
412	2024-01-26 09:44:12.877974+05:30	86	UTG	3		26	1
413	2024-01-26 09:44:12.879551+05:30	85	Favas	3		26	1
414	2024-01-26 09:44:12.879551+05:30	84	Favas	3		26	1
415	2024-01-26 09:44:12.879551+05:30	83	Favas	3		26	1
416	2024-01-26 09:44:12.880551+05:30	82	Favas	3		26	1
417	2024-01-26 09:44:12.880551+05:30	81	Favas	3		26	1
418	2024-01-26 09:44:12.881548+05:30	80	Favas	3		26	1
419	2024-01-26 12:11:33.867205+05:30	95	UTG	3		26	1
420	2024-01-26 12:11:33.870197+05:30	94	UTG	3		26	1
421	2024-01-26 12:11:33.871195+05:30	93	UTG	3		26	1
422	2024-01-26 12:11:33.871195+05:30	92	UTG	3		26	1
423	2024-01-26 12:11:33.872192+05:30	91	UTG	3		26	1
424	2024-01-29 14:16:10.594061+05:30	16	Habu - White	2	[{"changed": {"fields": ["Product offer"]}}]	11	1
425	2024-01-29 14:16:23.176999+05:30	16	Habu - White	2	[{"changed": {"fields": ["Product offer"]}}]	11	1
426	2024-01-30 11:38:38.972822+05:30	102	UTG	3		26	1
427	2024-01-30 11:38:38.97676+05:30	101	UTG	3		26	1
428	2024-01-30 11:38:38.97676+05:30	100	UTG	3		26	1
429	2024-01-30 11:38:38.977761+05:30	99	UTG	3		26	1
430	2024-01-30 11:38:38.977761+05:30	98	UTG	3		26	1
431	2024-01-30 11:38:38.978758+05:30	97	UTG	3		26	1
432	2024-01-30 11:38:38.979734+05:30	96	UTG	3		26	1
433	2024-01-30 14:03:56.41252+05:30	107	UTG	3		26	1
434	2024-01-30 14:03:56.416497+05:30	106	UTG	3		26	1
435	2024-01-30 14:03:56.417047+05:30	105	UTG	3		26	1
436	2024-01-30 14:03:56.417523+05:30	104	UTG	3		26	1
437	2024-01-30 14:03:56.417523+05:30	103	UTG	3		26	1
438	2024-02-01 09:35:28.819286+05:30	112	UTG	3		26	1
439	2024-02-01 09:35:28.826583+05:30	111	UTG	3		26	1
440	2024-02-01 09:35:28.827139+05:30	110	UTG	3		26	1
441	2024-02-01 09:35:28.827639+05:30	109	UTG	3		26	1
442	2024-02-01 09:35:28.82808+05:30	108	UTG	3		26	1
443	2024-02-01 09:40:03.717275+05:30	114	Favas	3		26	1
444	2024-02-01 09:40:51.996606+05:30	115	Favas	3		26	1
445	2024-02-01 09:48:59.441019+05:30	116	Favas	3		26	1
446	2024-02-01 09:53:31.731364+05:30	118	Favas	3		26	1
447	2024-02-01 09:53:31.737259+05:30	117	Favas	3		26	1
448	2024-02-01 10:00:36.850697+05:30	119	Favas	3		26	1
449	2024-02-01 10:34:54.413021+05:30	121	Favas	3		26	1
450	2024-02-01 10:34:54.41555+05:30	120	Favas	3		26	1
451	2024-02-01 18:16:59.010554+05:30	177	Favas	3		26	1
452	2024-02-01 18:16:59.057444+05:30	176	Favas	3		26	1
453	2024-02-01 18:16:59.062057+05:30	175	Favas	3		26	1
454	2024-02-01 18:16:59.062057+05:30	174	Favas	3		26	1
455	2024-02-01 18:16:59.067617+05:30	141	Favas	3		26	1
456	2024-02-01 18:16:59.072134+05:30	125	Favas	3		26	1
457	2024-02-01 18:16:59.074168+05:30	124	Favas	3		26	1
458	2024-02-01 18:16:59.076958+05:30	122	Favas	3		26	1
459	2024-02-08 18:21:27.467345+05:30	125	nijithckv@gmail.com	3		6	1
460	2024-02-08 20:06:37.609903+05:30	16	RZP	3		25	1
461	2024-02-08 20:06:37.612933+05:30	15	Bike	3		25	1
462	2024-02-08 20:06:37.612933+05:30	14	FEB	3		25	1
463	2024-02-08 20:06:37.613932+05:30	13	Nijith	3		25	1
464	2024-02-08 20:06:37.614435+05:30	12	NICE	3		25	1
465	2024-02-08 20:06:37.61494+05:30	11	VISHU	3		25	1
466	2024-02-08 20:06:37.61494+05:30	10	NEW YEAR	3		25	1
467	2024-02-09 19:26:16.985826+05:30	96	CouponUsage object (96)	3		24	1
468	2024-02-09 19:26:16.988817+05:30	95	CouponUsage object (95)	3		24	1
469	2024-02-09 19:26:16.989815+05:30	94	CouponUsage object (94)	3		24	1
470	2024-02-09 19:26:16.989815+05:30	93	CouponUsage object (93)	3		24	1
471	2024-02-09 19:26:16.990813+05:30	92	CouponUsage object (92)	3		24	1
472	2024-02-09 19:26:16.990813+05:30	91	CouponUsage object (91)	3		24	1
473	2024-02-09 19:26:16.99181+05:30	90	CouponUsage object (90)	3		24	1
474	2024-02-09 19:26:16.99181+05:30	89	CouponUsage object (89)	3		24	1
475	2024-02-09 19:26:16.99181+05:30	88	CouponUsage object (88)	3		24	1
476	2024-02-09 19:26:16.992807+05:30	87	CouponUsage object (87)	3		24	1
477	2024-02-09 19:26:16.992807+05:30	86	CouponUsage object (86)	3		24	1
478	2024-02-09 19:26:16.993914+05:30	85	CouponUsage object (85)	3		24	1
479	2024-02-09 19:26:16.993914+05:30	84	CouponUsage object (84)	3		24	1
480	2024-02-09 19:26:39.850024+05:30	20	Q	2	[{"changed": {"fields": ["User count"]}}]	25	1
481	2024-02-09 19:26:44.482372+05:30	19	E	2	[{"changed": {"fields": ["User count"]}}]	25	1
482	2024-02-09 19:26:48.902898+05:30	18	G	2	[{"changed": {"fields": ["User count"]}}]	25	1
483	2024-02-09 19:26:53.659941+05:30	17	F	2	[{"changed": {"fields": ["User count"]}}]	25	1
484	2024-02-09 19:39:32.700449+05:30	20	Q	2	[{"changed": {"fields": ["User count"]}}]	25	1
485	2024-02-09 19:39:36.362076+05:30	19	E	2	[{"changed": {"fields": ["User count"]}}]	25	1
486	2024-02-09 19:39:40.298624+05:30	18	G	2	[{"changed": {"fields": ["User count"]}}]	25	1
487	2024-02-09 19:39:43.457778+05:30	17	F	2	[{"changed": {"fields": ["User count"]}}]	25	1
488	2024-02-09 19:40:19.901432+05:30	100	CouponUsage object (100)	3		24	1
489	2024-02-09 19:40:19.903427+05:30	99	CouponUsage object (99)	3		24	1
490	2024-02-09 19:40:19.904425+05:30	98	CouponUsage object (98)	3		24	1
491	2024-02-09 19:40:19.905422+05:30	97	CouponUsage object (97)	3		24	1
492	2024-02-09 20:11:51.989151+05:30	103	CouponUsage object (103)	3		24	1
493	2024-02-09 20:11:51.990148+05:30	102	CouponUsage object (102)	3		24	1
494	2024-02-09 20:11:51.991654+05:30	101	CouponUsage object (101)	3		24	1
495	2024-02-09 20:12:01.018548+05:30	20	Q	2	[{"changed": {"fields": ["User count"]}}]	25	1
496	2024-02-09 20:12:04.226002+05:30	19	E	2	[]	25	1
497	2024-02-09 20:12:08.033341+05:30	18	G	2	[{"changed": {"fields": ["User count"]}}]	25	1
498	2024-02-09 20:12:12.258408+05:30	17	F	2	[{"changed": {"fields": ["User count"]}}]	25	1
499	2024-02-09 20:29:29.111811+05:30	20	Q	2	[{"changed": {"fields": ["User count"]}}]	25	1
500	2024-02-09 20:29:32.603809+05:30	19	E	2	[{"changed": {"fields": ["User count"]}}]	25	1
501	2024-02-09 20:29:36.638353+05:30	18	G	2	[{"changed": {"fields": ["User count"]}}]	25	1
502	2024-02-09 20:29:40.148373+05:30	17	F	2	[{"changed": {"fields": ["User count"]}}]	25	1
503	2024-02-09 20:29:46.215675+05:30	107	CouponUsage object (107)	3		24	1
504	2024-02-09 20:29:46.219186+05:30	106	CouponUsage object (106)	3		24	1
505	2024-02-09 20:29:46.219186+05:30	105	CouponUsage object (105)	3		24	1
506	2024-02-09 20:29:46.219186+05:30	104	CouponUsage object (104)	3		24	1
507	2024-02-09 21:50:06.159434+05:30	111	CouponUsage object (111)	3		24	1
508	2024-02-09 21:50:06.162428+05:30	110	CouponUsage object (110)	3		24	1
509	2024-02-09 21:50:06.163574+05:30	109	CouponUsage object (109)	3		24	1
510	2024-02-09 21:50:06.164022+05:30	108	CouponUsage object (108)	3		24	1
511	2024-02-09 21:50:16.910456+05:30	20	Q	2	[{"changed": {"fields": ["User count"]}}]	25	1
512	2024-02-09 21:50:22.387578+05:30	19	E	2	[{"changed": {"fields": ["User count"]}}]	25	1
513	2024-02-09 21:50:26.799881+05:30	18	G	2	[{"changed": {"fields": ["User count"]}}]	25	1
514	2024-02-09 21:50:30.754002+05:30	17	F	2	[{"changed": {"fields": ["User count"]}}]	25	1
515	2024-02-12 10:58:18.331386+05:30	113	CouponUsage object (113)	3		24	1
516	2024-02-12 10:58:18.334377+05:30	112	CouponUsage object (112)	3		24	1
517	2024-02-12 10:58:33.669619+05:30	20	Q	3		25	1
518	2024-02-12 10:58:33.671613+05:30	19	E	3		25	1
519	2024-02-12 10:58:33.671613+05:30	18	G	3		25	1
520	2024-02-12 10:58:33.672611+05:30	17	F	3		25	1
521	2024-02-12 11:00:58.702203+05:30	21	N	2	[{"changed": {"fields": ["User count"]}}]	25	1
522	2024-02-12 11:01:07.010606+05:30	114	CouponUsage object (114)	3		24	1
523	2024-02-12 11:35:28.181153+05:30	119	CouponUsage object (119)	3		24	1
524	2024-02-12 11:35:28.184183+05:30	118	CouponUsage object (118)	3		24	1
525	2024-02-12 11:35:28.185141+05:30	117	CouponUsage object (117)	3		24	1
526	2024-02-12 11:35:28.186139+05:30	116	CouponUsage object (116)	3		24	1
527	2024-02-12 11:35:28.187137+05:30	115	CouponUsage object (115)	3		24	1
528	2024-02-12 11:38:47.527463+05:30	120	CouponUsage object (120)	3		24	1
529	2024-02-12 11:41:44.633704+05:30	121	CouponUsage object (121)	3		24	1
530	2024-02-12 15:19:46.40818+05:30	4	Vishu Sale	3		23	1
531	2024-02-12 15:19:46.41114+05:30	1	Saturday Dhamaka	3		23	1
532	2024-02-12 15:36:58.675183+05:30	7	fadsf	3		23	1
533	2024-02-12 15:36:58.677178+05:30	6	fadsf	3		23	1
534	2024-02-17 23:29:19.865879+05:30	8	dfads	3		23	1
535	2024-03-02 11:08:14.998211+05:30	128	nijithckv@gmail.com	3		6	1
536	2024-03-02 11:08:15.014551+05:30	127	utg	3		6	1
537	2024-03-02 11:08:15.016584+05:30	126	favas	3		6	1
\.


--
-- Data for Name: django_content_type; Type: TABLE DATA; Schema: public; Owner: postgres
--

COPY public.django_content_type (id, app_label, model) FROM stdin;
1	admin	logentry
2	auth	permission
3	auth	group
4	contenttypes	contenttype
5	sessions	session
6	user_authentication	customuser
7	user_products	category
8	user_products	image
9	user_products	brands
10	user_products	products
11	user_products	colorvarient
12	user_cart	cart
13	user_profile	address
14	user_order	orderitem
15	user_order	order
16	user_wallet	wallet
17	sites	site
18	account	emailaddress
19	account	emailconfirmation
20	socialaccount	socialaccount
21	socialaccount	socialapp
22	socialaccount	socialtoken
23	admin_side	banner
24	user_coupon	couponusage
25	user_coupon	coupon
26	user_review	review
\.


--
-- Data for Name: django_migrations; Type: TABLE DATA; Schema: public; Owner: postgres
--

COPY public.django_migrations (id, app, name, applied) FROM stdin;
1	contenttypes	0001_initial	2023-12-12 16:45:10.006694+05:30
2	contenttypes	0002_remove_content_type_name	2023-12-12 16:45:10.016616+05:30
3	auth	0001_initial	2023-12-12 16:45:10.085273+05:30
4	auth	0002_alter_permission_name_max_length	2023-12-12 16:45:10.085273+05:30
5	auth	0003_alter_user_email_max_length	2023-12-12 16:45:10.101006+05:30
6	auth	0004_alter_user_username_opts	2023-12-12 16:45:10.108615+05:30
7	auth	0005_alter_user_last_login_null	2023-12-12 16:45:10.113799+05:30
8	auth	0006_require_contenttypes_0002	2023-12-12 16:45:10.113799+05:30
9	auth	0007_alter_validators_add_error_messages	2023-12-12 16:45:10.121826+05:30
10	auth	0008_alter_user_username_max_length	2023-12-12 16:45:10.13233+05:30
11	auth	0009_alter_user_last_name_max_length	2023-12-12 16:45:10.142656+05:30
12	auth	0010_alter_group_name_max_length	2023-12-12 16:45:10.15325+05:30
13	auth	0011_update_proxy_permissions	2023-12-12 16:45:10.157123+05:30
14	auth	0012_alter_user_first_name_max_length	2023-12-12 16:45:10.167712+05:30
15	user_authentication	0001_initial	2023-12-12 16:45:10.264909+05:30
16	admin	0001_initial	2023-12-12 16:45:10.303307+05:30
17	admin	0002_logentry_remove_auto_add	2023-12-12 16:45:10.309669+05:30
18	admin	0003_logentry_add_action_flag_choices	2023-12-12 16:45:10.316741+05:30
19	sessions	0001_initial	2023-12-12 16:45:10.337947+05:30
20	user_authentication	0002_alter_customuser_managers_customuser_is_verified_and_more	2023-12-13 18:33:52.977142+05:30
21	user_products	0001_initial	2023-12-14 17:38:09.595736+05:30
22	user_authentication	0002_customuser_is_listed	2023-12-18 14:21:55.969233+05:30
23	user_products	0002_colorvarient	2023-12-18 18:12:29.74945+05:30
24	user_products	0003_remove_products_colour	2023-12-18 18:13:13.407512+05:30
25	user_products	0004_remove_image_product_id_image_varient	2023-12-19 12:14:07.151218+05:30
26	user_products	0005_remove_products_price_remove_products_quantity	2023-12-19 20:04:53.615336+05:30
27	user_products	0006_remove_image_varient_image_variant	2023-12-21 12:24:50.632797+05:30
28	user_products	0007_alter_colorvarient_product	2023-12-21 16:10:57.701806+05:30
29	user_products	0008_alter_colorvarient_product	2023-12-21 16:31:13.691459+05:30
30	user_cart	0001_initial	2023-12-26 17:04:26.475095+05:30
31	user_profile	0001_initial	2023-12-30 17:23:11.318996+05:30
32	user_order	0001_initial	2024-01-04 21:10:42.970457+05:30
33	user_order	0002_alter_orderitem_status	2024-01-05 18:49:15.8434+05:30
34	user_order	0003_order_quantity_alter_orderitem_quantity	2024-01-05 19:46:26.25228+05:30
35	user_wallet	0001_initial	2024-01-14 13:36:27.245048+05:30
36	account	0001_initial	2024-01-18 12:28:41.188464+05:30
37	account	0002_email_max_length	2024-01-18 12:28:41.206617+05:30
38	account	0003_alter_emailaddress_create_unique_verified_email	2024-01-18 12:28:41.233288+05:30
39	account	0004_alter_emailaddress_drop_unique_email	2024-01-18 12:28:41.264565+05:30
40	account	0005_emailaddress_idx_upper_email	2024-01-18 12:28:41.284132+05:30
41	sites	0001_initial	2024-01-18 12:28:41.293537+05:30
42	sites	0002_alter_domain_unique	2024-01-18 12:28:41.3089+05:30
43	socialaccount	0001_initial	2024-01-18 12:28:41.431957+05:30
44	socialaccount	0002_token_max_lengths	2024-01-18 12:28:41.456758+05:30
45	socialaccount	0003_extra_data_default_dict	2024-01-18 12:28:41.468241+05:30
46	socialaccount	0004_app_provider_id_settings	2024-01-18 12:28:41.490994+05:30
47	socialaccount	0005_socialtoken_nullable_app	2024-01-18 12:28:41.513469+05:30
48	socialaccount	0006_alter_socialaccount_extra_data	2024-01-18 12:28:41.54547+05:30
49	user_authentication	0003_alter_customuser_phone_number	2024-01-18 15:05:10.074084+05:30
50	user_wallet	0002_alter_wallet_date	2024-01-19 14:54:39.068941+05:30
51	admin_side	0001_initial	2024-01-20 12:34:42.688934+05:30
52	admin_side	0002_rename_baners_banner	2024-01-20 12:37:45.878553+05:30
53	user_coupon	0001_initial	2024-01-22 12:16:40.642641+05:30
54	user_review	0001_initial	2024-01-25 13:27:37.780853+05:30
55	user_review	0002_alter_review_review	2024-01-25 17:40:20.983488+05:30
56	user_review	0003_alter_review_review	2024-01-25 17:44:23.291672+05:30
57	user_products	0009_remove_colorvarient_category_offer	2024-01-27 14:31:30.777447+05:30
58	user_order	0004_order_applied_coupon_order_applied_offer	2024-01-30 09:27:59.74526+05:30
59	user_products	0010_colorvarient_category_offer	2024-02-01 19:43:49.713693+05:30
\.


--
-- Data for Name: django_session; Type: TABLE DATA; Schema: public; Owner: postgres
--

COPY public.django_session (session_key, session_data, expire_date) FROM stdin;
qxji7r2tsvx0tzrh3qzcr5l4s3amyu8j	.eJxVjMsKwjAQAP8lZwlN2TzWo3e_IWwea6qSQNOeiv8ugR70OjPMITztW_F7z6tfkrgKp8TlFwaKr1yHSU-qjyZjq9u6BDkSedou7y3l9-1s_waFehlfDTwrcjlZrdk5QHTBWVBhYjAqRzSRNVjDwGwmFdWsMxAgJYsJUXy-9do3rw:1rISMv:9s3EBAC2I3lubwjYTNc4spFLGckfDpl1HXHt11KMuK4	2023-12-28 17:16:37.283973+05:30
ddusk7lo8l5b1bxyr8u34w0w1t4iswve	.eJxVjE0OgyAYBe_CuiGgEKTL7nsG8v1RbBtMRFemd68mLtrtm5m3qQTrUtLaZE4jq6uy6vK7IdBL6gH4CfUxaZrqMo-oD0WftOn7xPK-ne7fQYFW9toJgRs6ytkADCgdWys2AHmMENF67zjuyJIR18eekY2h7IOgCTFE9fkCD7Y4rQ:1rGLor:Kdi0sZzjcsBUDJf9t5_HgkdG6Ym-Sw4lUygWFoKWTIs	2024-01-04 21:52:45.50245+05:30
eyfhtx61p7wy5qf4rp37ua3q34xxwuzg	.eJxVjE0OgyAYBe_CuiGgEKTL7nsG8v1RbBtMRFemd68mLtrtm5m3qQTrUtLaZE4jq6uy6vK7IdBL6gH4CfUxaZrqMo-oD0WftOn7xPK-ne7fQYFW9toJgRs6ytkADCgdWys2AHmMENF67zjuyJIR18eekY2h7IOgCTFE9fkCD7Y4rQ:1rIVFZ:jlRmOplyHIZ4q7OMmeAyNKhTaqaxZ4_AC0DytK8nuJw	2023-12-28 20:21:13.528882+05:30
7c2v911o1w1tz0roe7smo8cjde73juop	.eJxVjE0OgyAYBe_CuiGgEKTL7nsG8v1RbBtMRFemd68mLtrtm5m3qQTrUtLaZE4jq6uy6vK7IdBL6gH4CfUxaZrqMo-oD0WftOn7xPK-ne7fQYFW9toJgRs6ytkADCgdWys2AHmMENF67zjuyJIR18eekY2h7IOgCTFE9fkCD7Y4rQ:1rIi4i:0IZpIVyVsrJRET1TBm3vJ6SZYbovhR_gZ9Rl4DiAlyg	2023-12-29 10:02:52.688994+05:30
j9r8xcspwytqvgfeavhjgootvy64wrwo	.eJxVjMsKwjAQAP8lZwlN2TzWo3e_IWwea6qSQNOeiv8ugR70OjPMITztW_F7z6tfkrgKp8TlFwaKr1yHSU-qjyZjq9u6BDkSedou7y3l9-1s_waFehlfDTwrcjlZrdk5QHTBWVBhYjAqRzSRNVjDwGwmFdWsMxAgJYsJUXy-9do3rw:1rIozS:IBW7pIBUUNhYy1xMt9wsDR9m8VecoSK7-Qywn-_qCJg	2023-12-29 17:25:54.57979+05:30
sot16dmdvtrzzw5s47qw66xr2ls584m0	.eJxVjDsOwjAQRO_iGllexz8o6XMGa71ecADZUpxUiLuTSClgynlv5i0irkuJa-c5TllcBChx-i0T0pPrTvID671JanWZpyR3RR60y7Flfl0P9--gYC_b2hm3hdFmdj4oS-AIwLsUeMCstdU-GEMDBc7mhmegIVkVwIIGTpjE5wvqjDea:1rDPzH:tkTOqIlMbsJbALBSi6Mq14tSadypQmxyOisoXfdKwNg	2023-12-27 19:43:23.561155+05:30
oku1qzu91fsuouubyf9ddqgejsc01zvo	.eJxVjMEOwiAQRP-FsyFYEFiP3vsNZGEXqRpISnsy_rsh6UFPk8x7M28RcN9K2DuvYSFxFV6L028ZMT25DkIPrPcmU6vbukQ5FHnQLudG_Lod7t9BwV7G2jidgAwSRUvWweQgo0EFZ0YLZoTi5CM6nTODS-xiVvbis84JJvH5Ai1GOR4:1n9SXn:ZnyVo5PFnhG67AB04-Ct-v9PCikpzse3CPYvApNDlz0	2022-01-31 19:29:35.630982+05:30
azcuwq4bup8kjn5gls4jl31b0snge2r6	.eJxVjE0OgyAYBe_CuiGgEKTL7nsG8v1RbBtMRFemd68mLtrtm5m3qQTrUtLaZE4jq6uy6vK7IdBL6gH4CfUxaZrqMo-oD0WftOn7xPK-ne7fQYFW9toJgRs6ytkADCgdWys2AHmMENF67zjuyJIR18eekY2h7IOgCTFE9fkCD7Y4rQ:1rGh9u:btGb4yEpndvjAcF1nopGtc8Ai71ce4-igy5edsZpgNQ	2024-01-05 20:39:54.439842+05:30
rak9s9jxs1dunphwd0howb1hikvylal1	.eJxVjE0OgyAYBe_CuiGgEKTL7nsG8v1RbBtMRFemd68mLtrtm5m3qQTrUtLaZE4jq6uy6vK7IdBL6gH4CfUxaZrqMo-oD0WftOn7xPK-ne7fQYFW9toJgRs6ytkADCgdWys2AHmMENF67zjuyJIR18eekY2h7IOgCTFE9fkCD7Y4rQ:1rLd4y:WkE6g3L4uUixpuEoUsJWrB0WqbWhRO_-9KE3vudMQjI	2024-01-19 11:19:12.728135+05:30
8y039noji4sd2akbd4eebj6i37u7zhuu	.eJxVjE0OgyAYBe_CuiGgEKTL7nsG8v1RbBtMRFemd68mLtrtm5m3qQTrUtLaZE4jq6uy6vK7IdBL6gH4CfUxaZrqMo-oD0WftOn7xPK-ne7fQYFW9toJgRs6ytkADCgdWys2AHmMENF67zjuyJIR18eekY2h7IOgCTFE9fkCD7Y4rQ:1rDkWR:sKtmjAuWi7D7cW-2l1fgjDPJr9VEjo6gZa7Vn2nhjK0	2023-12-28 17:38:59.493425+05:30
ed3t0dtdatcebawn97jadl3fet5tzc24	.eJxVjE0OgyAYBe_CuiGgEKTL7nsG8v1RbBtMRFemd68mLtrtm5m3qQTrUtLaZE4jq6uy6vK7IdBL6gH4CfUxaZrqMo-oD0WftOn7xPK-ne7fQYFW9toJgRs6ytkADCgdWys2AHmMENF67zjuyJIR18eekY2h7IOgCTFE9fkCD7Y4rQ:1rFDwv:8r1_nHyujL39G5niPq5XDRseYpQ_3POa-BQzPAUqRtc	2024-01-01 19:16:25.758024+05:30
il4p2xu3gd5h4ndnwbv1ejvelzsdzj4k	.eJxVjE0OgyAYBe_CuiGgEKTL7nsG8v1RbBtMRFemd68mLtrtm5m3qQTrUtLaZE4jq6uy6vK7IdBL6gH4CfUxaZrqMo-oD0WftOn7xPK-ne7fQYFW9toJgRs6ytkADCgdWys2AHmMENF67zjuyJIR18eekY2h7IOgCTFE9fkCD7Y4rQ:1rLqUS:U722mQx54cOAgHsx7J2ZWyrVzhCwgA14oWvxThyrozI	2024-01-20 01:38:24.272312+05:30
xovyxg0d00a2q4xtp1ry5x7sn2mx01v2	.eJxVjE0OgyAYBe_CuiGgEKTL7nsG8v1RbBtMRFemd68mLtrtm5m3qQTrUtLaZE4jq6uy6vK7IdBL6gH4CfUxaZrqMo-oD0WftOn7xPK-ne7fQYFW9toJgRs6ytkADCgdWys2AHmMENF67zjuyJIR18eekY2h7IOgCTFE9fkCD7Y4rQ:1rGlVE:G-Rw2eHaSi4CXBSztwmQpnL6X6tOj3z0y5hDGaYbWU0	2024-01-06 01:18:12.335753+05:30
sf6x37huiwvu2x9y4b6dsqycxg4rijeg	.eJxVjE0OgyAYBe_CuiGgEKTL7nsG8v1RbBtMRFemd68mLtrtm5m3qQTrUtLaZE4jq6uy6vK7IdBL6gH4CfUxaZrqMo-oD0WftOn7xPK-ne7fQYFW9toJgRs6ytkADCgdWys2AHmMENF67zjuyJIR18eekY2h7IOgCTFE9fkCD7Y4rQ:1rM2Ud:YReVJTuSAhLLPvsse55oiLoxk0lv4kH-TlBSehgZwA0	2024-01-20 14:27:23.160201+05:30
zwakyh7p4oyikoiu8cicdzs3lzswi4qg	.eJxVjE0OgyAYBe_CuiGgEKTL7nsG8v1RbBtMRFemd68mLtrtm5m3qQTrUtLaZE4jq6uy6vK7IdBL6gH4CfUxaZrqMo-oD0WftOn7xPK-ne7fQYFW9toJgRs6ytkADCgdWys2AHmMENF67zjuyJIR18eekY2h7IOgCTFE9fkCD7Y4rQ:1rFUwt:hJnxZRZWmLVeq0GAB4ceEMc9SqcxkvWD6s_MA9wf3t0	2024-01-02 13:25:31.263725+05:30
p7xxyszcwpte7xkmqlqc1h8gqb586hfv	.eJxVjE0OgyAYBe_CuiGgEKTL7nsG8v1RbBtMRFemd68mLtrtm5m3qQTrUtLaZE4jq6uy6vK7IdBL6gH4CfUxaZrqMo-oD0WftOn7xPK-ne7fQYFW9toJgRs6ytkADCgdWys2AHmMENF67zjuyJIR18eekY2h7IOgCTFE9fkCD7Y4rQ:1rESEb:TeXUDcN1vmPO9B7ngy8amYnnyMoMMtH5FWFXynp_YRI	2023-12-30 16:19:29.836876+05:30
6lucko6dwrdzzqww6c8s3dw1k9imk5le	.eJxVjE0OgyAYBe_CuiGgEKTL7nsG8v1RbBtMRFemd68mLtrtm5m3qQTrUtLaZE4jq6uy6vK7IdBL6gH4CfUxaZrqMo-oD0WftOn7xPK-ne7fQYFW9toJgRs6ytkADCgdWys2AHmMENF67zjuyJIR18eekY2h7IOgCTFE9fkCD7Y4rQ:1rFnTz:DPY077NT9KllP7OBctkSErrqlOGzzA5RLjxPKMfZln8	2024-01-03 09:12:55.579272+05:30
9hi22tqv44eg1cgr97klx1spht7wpkpo	.eJxVjE0OgyAYBe_CuiGgEKTL7nsG8v1RbBtMRFemd68mLtrtm5m3qQTrUtLaZE4jq6uy6vK7IdBL6gH4CfUxaZrqMo-oD0WftOn7xPK-ne7fQYFW9toJgRs6ytkADCgdWys2AHmMENF67zjuyJIR18eekY2h7IOgCTFE9fkCD7Y4rQ:1rMB1R:s5wmnIalEVJrez8AZW0QthBAqWj0ZksWWwkA--H2mmk	2024-01-20 23:33:49.142422+05:30
94epym0o2cejvauv4vus7b8pu4muclo9	eyJvdHAiOiI1NjU4OTkiLCJ1c2VyX2VtYWlsIjoieG9wYXMyNDkxMEBhbmF3YWxscy5jb20ifQ:1rESMe:-nCA_XtwqpnehKNEPuGNwA66lOyUPRxJiYPnbEMB2fk	2023-12-30 16:27:48.303341+05:30
d235d3eas8w4xvdsj2ky6oume0bih0aj	.eJxVjE0OgyAYBe_CuiGgEKTL7nsG8v1RbBtMRFemd68mLtrtm5m3qQTrUtLaZE4jq6uy6vK7IdBL6gH4CfUxaZrqMo-oD0WftOn7xPK-ne7fQYFW9toJgRs6ytkADCgdWys2AHmMENF67zjuyJIR18eekY2h7IOgCTFE9fkCD7Y4rQ:1rMMKU:QSxUuATUrqbJBWnvhM5TuCUX6K4AHpsSnTUNilQ4qBQ	2024-01-21 11:38:14.741422+05:30
yc64138ah8gaenfm1h69j6beshfdz3vj	eyJlbWFpbCI6InhvcGFzMjQ5MTBAYW5hd2FsbHMuY29tIn0:1rESam:WtOOZ40r5L3c2g2TyDFyDiLp4Vh54XQtwWUKmvqxITA	2023-12-30 16:42:24.156263+05:30
rklbfbp3lsjvcqcvooxlzn01txjtxdam	.eJxVjE0OgyAYBe_CuiGgEKTL7nsG8v1RbBtMRFemd68mLtrtm5m3qQTrUtLaZE4jq6uy6vK7IdBL6gH4CfUxaZrqMo-oD0WftOn7xPK-ne7fQYFW9toJgRs6ytkADCgdWys2AHmMENF67zjuyJIR18eekY2h7IOgCTFE9fkCD7Y4rQ:1rGBWs:yGn9yVatIPOB_x13LF7LWcrFzBDeJc2SYgwBKQ1q1No	2024-01-04 10:53:30.684801+05:30
pu3bw5fx1odxfkl7imgvvavcrrzentm5	.eJxVjE0OgyAYBe_CuiGgEKTL7nsG8v1RbBtMRFemd68mLtrtm5m3qQTrUtLaZE4jq6uy6vK7IdBL6gH4CfUxaZrqMo-oD0WftOn7xPK-ne7fQYFW9toJgRs6ytkADCgdWys2AHmMENF67zjuyJIR18eekY2h7IOgCTFE9fkCD7Y4rQ:1rEkT1:MqyzEOPgO4xXEtFXeKT7U4MQBSnWqupAN7jG9ZWTCM4	2023-12-31 11:47:35.766327+05:30
znwsy76928m0v9yobnhcbjq0ciefp3cp	.eJxVjE0OgyAYBe_CuiGgEKTL7nsG8v1RbBtMRFemd68mLtrtm5m3qQTrUtLaZE4jq6uy6vK7IdBL6gH4CfUxaZrqMo-oD0WftOn7xPK-ne7fQYFW9toJgRs6ytkADCgdWys2AHmMENF67zjuyJIR18eekY2h7IOgCTFE9fkCD7Y4rQ:1rMkka:6A8KdJYUZ-UTGw6KGBiXc0fPYGUfLZgj4e-qIXzfRmQ	2024-01-22 13:42:48.715939+05:30
i92d1c9oyjcscmefax3531qdr745g4rm	.eJxVjE0OgyAYBe_CuiGgEKTL7nsG8v1RbBtMRFemd68mLtrtm5m3qQTrUtLaZE4jq6uy6vK7IdBL6gH4CfUxaZrqMo-oD0WftOn7xPK-ne7fQYFW9toJgRs6ytkADCgdWys2AHmMENF67zjuyJIR18eekY2h7IOgCTFE9fkCD7Y4rQ:1rMXd7:3N7g8FAHLA8bO4QdSyn-QQ3zfL3OorRwtsGrulnMcdY	2024-01-21 23:42:13.771031+05:30
0n5mqa7ozjaxctohimbh6u7h5n5n26m1	.eJxVjE0OgyAYBe_CuiGgEKTL7nsG8v1RbBtMRFemd68mLtrtm5m3qQTrUtLaZE4jq6uy6vK7IdBL6gH4CfUxaZrqMo-oD0WftOn7xPK-ne7fQYFW9toJgRs6ytkADCgdWys2AHmMENF67zjuyJIR18eekY2h7IOgCTFE9fkCD7Y4rQ:1rMhmL:oK5NFZFEVlBRZIL5aQKMqj1Fd1RoWYtX8D7LiQRFruI	2024-01-22 10:32:25.931637+05:30
yz90e5avcjsj99dve2g91o59slbn80x5	.eJxVjE0OgyAYBe_CuiGgEKTL7nsG8v1RbBtMRFemd68mLtrtm5m3qQTrUtLaZE4jq6uy6vK7IdBL6gH4CfUxaZrqMo-oD0WftOn7xPK-ne7fQYFW9toJgRs6ytkADCgdWys2AHmMENF67zjuyJIR18eekY2h7IOgCTFE9fkCD7Y4rQ:1rODIz:kCrqm7htgW7MFI493G6W0jbj3bIj8O6JMsz_ZGFCtms	2024-01-26 14:24:21.608823+05:30
jvixkqmgbgjh1gfd7dv42hykz6fhehao	.eJxVjE0OgyAYBe_CuiGgEKTL7nsG8v1RbBtMRFemd68mLtrtm5m3qQTrUtLaZE4jq6uy6vK7IdBL6gH4CfUxaZrqMo-oD0WftOn7xPK-ne7fQYFW9toJgRs6ytkADCgdWys2AHmMENF67zjuyJIR18eekY2h7IOgCTFE9fkCD7Y4rQ:1rR3Y0:xqMmv-H8FcKB8fCPgCuKeKrdzDQD1PBHbSfuv01Ff_g	2024-02-03 10:35:36.847484+05:30
mpikpqdims0wj5gmp5xc32flhdeexkze	.eJxVjE0OgyAYBe_CuiGgEKTL7nsG8v1RbBtMRFemd68mLtrtm5m3qQTrUtLaZE4jq6uy6vK7IdBL6gH4CfUxaZrqMo-oD0WftOn7xPK-ne7fQYFW9toJgRs6ytkADCgdWys2AHmMENF67zjuyJIR18eekY2h7IOgCTFE9fkCD7Y4rQ:1rOaEX:8TzNJJh4XZQTovD9z_pjlsRpppP6zdcN0MMICXuiEUo	2024-01-27 14:53:17.130382+05:30
pwdl8aodm0slzvunnuwkssohcdw2abj9	.eJwVirEKgDAMBf_lzYKDWz_B2U1EQihWaJvSRCmI_27d7o57oMInRWKWK9uuRubh1gfZN4PDiAGlCnvVblGOM_eiLKVv6EiXhb1QpfQPeAfcqvMyhVyWRC3Ehu39ADX4Ixk:1rQgwl:ni3np1vbZg2toIDbKq9qJxNkoIe0IpxUvQwAqUSbBxQ	2024-02-02 10:27:39.53461+05:30
7ks8bquz02dq4woewqsazumt0fyrzyp3	.eJxVjE0OgyAYBe_CuiGgEKTL7nsG8v1RbBtMRFemd68mLtrtm5m3qQTrUtLaZE4jq6uy6vK7IdBL6gH4CfUxaZrqMo-oD0WftOn7xPK-ne7fQYFW9toJgRs6ytkADCgdWys2AHmMENF67zjuyJIR18eekY2h7IOgCTFE9fkCD7Y4rQ:1rPF3r:OwtmBesDYymqzCWS3AcJJ27LS_8pMYryWv_MrpHcmrs	2024-01-29 10:28:59.216403+05:30
00gwhdr4fbgp5kmnmsrgn0839xnvbjxt	.eJxVjE0OgyAYBe_CuiGgEKTL7nsG8v1RbBtMRFemd68mLtrtm5m3qQTrUtLaZE4jq6uy6vK7IdBL6gH4CfUxaZrqMo-oD0WftOn7xPK-ne7fQYFW9toJgRs6ytkADCgdWys2AHmMENF67zjuyJIR18eekY2h7IOgCTFE9fkCD7Y4rQ:1rQhPp:ztDwoOWL5sW5g3KeL_1bLvM8bOPEmczeC2Rw4zRLuPk	2024-02-02 10:57:41.706824+05:30
aev1wolhg8uuank5ck8ut386blixb9li	.eJxVjE0OgyAYBe_CuiGgEKTL7nsG8v1RbBtMRFemd68mLtrtm5m3qQTrUtLaZE4jq6uy6vK7IdBL6gH4CfUxaZrqMo-oD0WftOn7xPK-ne7fQYFW9toJgRs6ytkADCgdWys2AHmMENF67zjuyJIR18eekY2h7IOgCTFE9fkCD7Y4rQ:1rQ2nL:7NIeLzecxrYpNLQ_yRYAw2PCJMfBAQkRDV_LEQJOsfw	2024-01-31 15:35:15.803361+05:30
9pydkbqjyj5ko5tidszihrt96zerug65	eyJzb2NpYWxhY2NvdW50X3N0YXRlIjpbeyJwcm9jZXNzIjoibG9naW4iLCJzY29wZSI6IiIsImF1dGhfcGFyYW1zIjoiIn0sIjNVRWo5V3JhdE5zRHU3WVciXX0:1rQn56:9AvStY342WJGJHhLMgJdhi0ENCAcIESD34YEQk7K7mU	2024-02-02 17:00:40.309571+05:30
a6hz2dvf3skdgag99qok9q9e2o1zv9zk	.eJxVjMEOwiAQRP-FsyFYEFiP3vsNZGEXqRpISnsy_rsh6UFPk8x7M28RcN9K2DuvYSFxFV6L028ZMT25DkIPrPcmU6vbukQ5FHnQLudG_Lod7t9BwV7G2jidgAwSRUvWweQgo0EFZ0YLZoTi5CM6nTODS-xiVvbis84JJvH5Ai1GOR4:1rQ6Wo:hHWDt4EFxSDPaXdaOwJfJzo__fP5aMpiEZjPRJhA6Es	2024-01-31 19:34:26.447788+05:30
aumskf46k9bmvi20rxi468m75hzo2hwi	.eJytVWtv4jgU_Su7-VzaJJCQIK20NDCkQIfhOTCjUWSMkxiC7doOEEb893EedEs16mql_cZ9-J57zz03_NQEhRgkAEKaEhmUVkIjTLTWT61y5z_xRmuRNEnutFQgHvxjMk4PeIO41tIiSqMEaSolD2uGXm-atlG3G02rrjfMumlbpoomQMigwihrbIBEwZZigl7LopPkIFABUKALoQrGUjLRenio2hL3JeA9pHtVFpyZyjF113IM13Jt3a7tsfkiTbkjTDZ1vmPUNFw3BnS7XTdeXJPeA8auVfKxICUSEXktmG7-34IiXX9AC9oDnKg4wVssY3j4O8od1dMiGBwQxyHOSZI8RapDGcRAxOpRfwf9_uTYmc287ajXDU7jMXMj9ZCAPVLxz0_9p5n_h7dQLoahTDl6Q2gS13_f9AN4aHuRQ-EwPZJ6x-4uqT_hjzUQn2xo1jaW_HIcztPawBqPyLnXqw-iHYZ_CdeuQYUU4QMiwU0LyhuCPU6yq7toKaEQJLmFiLIwUJIzmrpl2Y5uNXMxsMrRNGyrebmUKrzVJQNCHCnPd_bneuTMKRqlMy-x2_5n3yKg16eNFfTJwukAfZs63elXvfFbNWIRiJQhXkKEIBGoxKs61soUCcLwNawcAEo17nU1N5JWIjIbNd2oGc5Md1pWQw1z3zTNb_k2YkpQQNL9urihfxNCiLnq9z2lxRBvCS3gaVh08DH-e2VVA1HJ3vCRYCFfg4p9NbxEOf3q-iEqjrOkUIUgZRVLIJVxwAAH-zxBu1zBwGbD1SOkvN8_-LJ8yMP7U2Ac7wHPSvPy406TdIfIrULUcRbljbvrl-0NWpWvZcB074HeDh-DdfbY0z00i0OdZLPVEIiRt_KYv-z7ywx9MWfykS_maYcegpUlA-u46j4PNu4uXnmusXrq7V7QOpHsYLX7X2O2HNlm9jw8DNfLYONEK-pzo0N3rIdI4nxaIkDn84gvT_zc5YGjn5_0FxkJz47h-ZB1jGFvOrXbhidUU5K4XgS8aDVoT-bT9uR5-mns95bmMx5kfSHdxcA8jbcBCD1oLHA81g3b1aoRA4EgR7KS2olhtYogP7gbkbiFSGwlEv2blt_bu_-Jcv_f_7MA-v3xhPLTdmaAyd7NutqPyy_20h-I:1rQOKA:4NZ5FyTBGVYrFQjTbgXGC5naY-97yyz2Uin_ETMbH9Y	2024-02-01 14:34:34.681267+05:30
6yat4kehqilmyp2iwuqqv5untxd4okmz	.eJxVjE0OgyAYBe_CuiGgEKTL7nsG8v1RbBtMRFemd68mLtrtm5m3qQTrUtLaZE4jq6uy6vK7IdBL6gH4CfUxaZrqMo-oD0WftOn7xPK-ne7fQYFW9toJgRs6ytkADCgdWys2AHmMENF67zjuyJIR18eekY2h7IOgCTFE9fkCD7Y4rQ:1rRQMT:NiGpwxJpXKtNF0Nzy27kQQerxcvfEEDgy39-f31puBE	2024-02-04 10:57:13.858365+05:30
kx9c5rblss76lxvab2gk0aavfkwjxyam	.eJxVjksOwjAMRO-SNYpip6YpS_acIbLjhBZQI_WzQtwdKhUJtvNmRu9pIq9LH9c5T3FQczKAZA6_qXC653FDeuPxWm2q4zINYreK3elsL1Xz47x3_w56nvvP2hMxlQziAylqdm0HrmnZqSucBB2HItQlKIBHVkWQHLhR4RAky2ZVJ_1qovdAGNS83m1DPzw:1qKyDF:32U_wYcI2EZFbdOYNp_mmlO6xxd0AwUeUOtmG0KGki8	2023-07-30 15:08:45.067072+05:30
r0apgexy8nle9o7q9gjxlscudgzcwcu1	.eJwVikELQEAQRv_Ld1bKjauDSP6ApGnarGJnM6NI_rt1e-_1HqjwShsxyxlsViNzqMYHwV2GCjkyxEPYqSbbZFlDKsoS04aEdJqfIx20_wPeDEPb-H5gKzq5S3_VmN4PK3wiNw:1rQOcR:3OMMEb-eYsu9fXg2GI4T3SbZzQfbOFXpli9kRNL_wDM	2024-02-01 14:53:27.638202+05:30
65wjp3uykxnb0sytgrlycub7973cpdpz	.eJytVF1z6jYQ_SupnwOxjb_ETGdqCKQkkBBIboBOxyPbsq1gW4okG8Id_vuVP0iT9DZzH_pm7VmfPbt7pO8KJwGGKQwCUuTCa04piXGu9L8rbbj6xKHSz4s0PVcKjpj3z5EyUuIQMaWvxITEKVJkSgUrmmpYvZ7h6I6u9xzLUoHmaBJNIRdeW6PhCKFA3jPBOXqjRXvBoCcBWFfnXBImQlDev7hoZfFuU7AbkEzSwgOVOboKTEcDJrBUq5Nh_UXoYptTYatsS4muAZBA8vzsGy9AJ11I6YmlaisguUC5OBEW4f9LyAv_i7GgDOJU4hEsIYd-WKQ55ByyP-IKaCnqJK9EDEe4GpZgBZJKhZdAnsifO8mLfm37h51IQZF7ufswyzqu_DGHGZL4uCI_cyv2s4a-e3YjYYoDUTD0bshp0vt5Ixfwwh3GDglu2OXc8V3OEy5Wd3t_uFmy26cDjGMglleh87zGy-m26K0Gv3NgdQJZJsYlkqreaZHBCGY4fT1F_60tJQFMKwjl8oSh9KNmq6Zl2z0AKqfQNuCoAIDjsbHoR9NSybcjrFrob7s1XI9MlJqPfKvO3YWBXW0K8FwkoYpKazAd3o7KWXH9U6ti7vGCItaUiGDKUVOvla80KQJG0RssAzAQsvXTvj74XTpMNzqq1tHAg2b2NavfA13DsDfVWhKSIy8vMr--YL_qkggzqfvTmOte_nPItSQS1aq-1vTZgm2TRNB3M0oxF2-g3IgciEDVSuRzEaD6NjdjlVBAaDs5WIjEo5DBrEpQjqdiMAyZ_AnJ6F9fPEW_NJvPd4cynEH22hyPf58rgmxR_tE98lbXZbTz05P4rmqbr7xCHXSh6kYDz38dTuIpVA8z3SqXm9nEiSbaxLqM7CKmj9lqdDXS9gvP6OBB-lTM7xeLzuPhyjB789Fu94T8O7G8gxYwhTrTp1mUdWyNXU8BUA9GmlweovmlPUy-lWNTpbfGIiI535dFYG3j-YDFujPy8284GY4Wk_BxuIyT7N7aeqNw_GCuyoTqCw0O4_WNu3aW7mK0HN__ebXSZzg3TGaOHf7ApmIxdr3N-nrqxqpmV49T3aTHUcCQaI24p1guxauu4we7WLVdHGkXY6Mcj8cfaAUWgw:1rQqbn:k8sLf6qkvvW7-O-wwy4oSwPCJqZp3e4c8wflCV8VydY	2024-02-02 20:46:39.454548+05:30
i4pwj9gy2tizt95r8dbdeptlgojn18nd	.eJytVVuTojgU_iu7PI_KRUCs2qql1VZbbRW1vUxNURECRDHBJHib8r9vQOxpu6Z6H3bfOOc7OZcv3wk_JUY8BGLgeSTF3L1ZMQkRluo_pcKdfSJfquM0jr9JKYPU_WUmlByQD6lUl0JCwhhKIiSDJUXWTNVQNKNq6ppcVTXV0FWBxoBxt6hxy-EDDt0NQRi-p4UnToErAJBXZ0wkjDhPWL1SKdpi5VvBskd2Ii24JCJGlS29pli6ZchGaYfUPVf5FifclOk2IapiWREgm826urdUUgZJcs-SjeURzCHm94Sp__8mZOn6C1rgDqBY4BhtEI-8w99h5iiO5qB7gBQFKCOJ0xSKDrkbARaJQ3b7hWw7rVGzNxrbbyu-rE7jpi0OYrCDAn_tvnSnnT8ab8KVII-nFH4gNI603zddARW7EdaI10-PWGsarQXpOPSpBKKT4aklX-ejY3-Wlnr6eIgv7bbWC7fI-4tZRskTlUJ0gNh9aEF4A7BD8fnuzluKiQfizIJYWAgIySmmrOuGqVhKJoakcJiyaSnX602Fj7pMAGNHQrM7-1PvpmE71PfNNnzrNNaOw51dY8rwmD2dZn6kEpA-R9FE_q0aEXNZmkB6KxGAmMFbvaJj6RbCQRC8w8IBPC7GvV_Ng6SFiNRqSVZKSm0q1-qaVdeVslVVV9ltRARDF6e7db5D_yaEAFHR72dK8yE-EpqXJ0Hewdf1PyurGIjw5AMfMWL8HRTsi-E5zOjHYk9F_oqUPwQezPf0xqaI8khSEAZSHrkJoGCXBUjXe13g-1QcgsL7_YtH5ktKPm9FQtEO0PPNvP74JnGyhfhRLGJP8_RCXPe37xdYxEtnoFplINvBk7s-N2pBVBsnMzZucy1phNZCxtxKl2zcN7v-bNQI6Eh7LjlVKyHdM1_PTbjfT6bxiWpGdLAmtJ8uu-7sdUOaB-YYA5kqiyCN-9OotuCDGabpxhx2_WWHlSbMPAbq7KJsbWUO5-oAD5NaNRodhpdmS287qxfXIX2_Ty8H0rKbQ3k3B41w2bOntYntDCbP4057oQ5QPFZWrfjUm0-sJmu86he26DtjWTEVqRjSZdCjkBe6OyVIXIabbd-DYqxcMbJQjLKSsuX79NO4ieH7f1FDoG9m9gw7qRmkvcuRST-u_wAjDiWl:1rQNwT:WmKWZ3cEQSvEeB1xgEtgf3FR5TogN2kfOb8vX8oEsuQ	2024-02-01 14:10:05.684287+05:30
o94dvoerdl5uh2yusbzzb6ywq9bhon3d	.eJxtkE1uhDAMhe_iNUJxfsCw61yjqiKThAGVkgpCN6O5-4QZNmi6s_zes_35Buxc3OZkeUtDmNPoOI1xtj8hDdGv0H7e4FVDC2t0I09HAgrgBC3WwhhCTVRqIbCqC_hd4t_ow5IT1xivU8jWbdwHoNCVUpokSamoqkSDhHD_KuC5325rWOzLiQinbsfuO8y7xNO0t8vjjvLpOeS1_DhxXI7UadTA67CvcK7RXnUKe69N6KUxnGE0dwG7jpTJXE1Q2qHnXvZGZpm8JG9QSaV2qn-eF7x9e0tmlvX9AR6udI4:1rQReq:myhFMV2v8i6tQMHsw6t1ISo2Gg_SkgAhcui69gwVzWM	2024-02-01 18:08:08.408327+05:30
0cz5rxhrzeffb5ur6w5fi7fuoflo215g	.eJxVjE0OgyAYBe_CuiGgEKTL7nsG8v1RbBtMRFemd68mLtrtm5m3qQTrUtLaZE4jq6uy6vK7IdBL6gH4CfUxaZrqMo-oD0WftOn7xPK-ne7fQYFW9toJgRs6ytkADCgdWys2AHmMENF67zjuyJIR18eekY2h7IOgCTFE9fkCD7Y4rQ:1rVl4A:pJCN12TdJFueeE-bE0O-vJTmy7lEPkAimuz9bqAZtLY	2024-02-16 09:52:14.457588+05:30
i329x4tnzbxkuvn58jocem1m7xyoa9r2	.eJxVjE0OgyAYBe_CuiGgEKTL7nsG8v1RbBtMRFemd68mLtrtm5m3qQTrUtLaZE4jq6uy6vK7IdBL6gH4CfUxaZrqMo-oD0WftOn7xPK-ne7fQYFW9toJgRs6ytkADCgdWys2AHmMENF67zjuyJIR18eekY2h7IOgCTFE9fkCD7Y4rQ:1rYHyj:rNaTrMhbfsd5gCuhDQGCwsE2kDAi6BAFkN-5dwLVXMU	2024-02-23 09:25:05.913234+05:30
ruuj3ei4qa3kb3rhrxkuwfwci24susu1	.eJxlUEFuhDAQ-8ucEcpkJiHZW_cbVYVCGBZUSioIvaz274VdLrQ3y2NbHt8hxJjWKddhzb1MeYghD2mqvyT3qV3g8n6HF4YLLCkOYTwcUEDIcMFKmYoQNZW8QctcwPecfoZW5s1yS-k2yqZdhz0BFVsidtppTc5a5dEhPD4KeBao10Xm-qXUFk5sE-KnTPspjONOl0eR8qk5zkv5dnrkerhOUX1Y-i1HaSveoG4MmaYKwbPzhpS1Hn1HoVKaokYWso2oxqHollCQSZip6_S-wP_1pK3_7uJZIZvHL_hlc4w:1rR4aJ:tYSx0tAIgjcE0AsBOASTnHLWGTnNMicmYl1XZ3DehLY	2024-02-03 11:42:03.501836+05:30
30esdw19ig68uz9ejd9t3z21da8qbu7m	.eJxVjs0KwyAQhN_FcxFNFWOOvfcJSgm76-anDRHUnErfvQZySK_zfTPMR_SwlanfMqd-DqITWlzOGQK9ed1BeME6RklxLWlGuSvyoFneY-Dldrh_AxPkqbYNE5i2oWFQAC1yE7Rm7YAsevCorTXBV6RJsbn6a8CgFA3WMSrnna-jmRemwqEnKDzGNHMW3eN5ApigntnD7w_Dc0lh:1rZSws:WqUem_ZSezH4Q4SLSAlx5Fy14ITuMDYCU7mtZtTmlic	2024-02-26 15:20:02.723056+05:30
cx37xs2vn1g37kd3j5dx4wbgmjh77isv	.eJxVjE0OgyAYBe_CuiGgEKTL7nsG8v1RbBtMRFemd68mLtrtm5m3qQTrUtLaZE4jq6uy6vK7IdBL6gH4CfUxaZrqMo-oD0WftOn7xPK-ne7fQYFW9toJgRs6ytkADCgdWys2AHmMENF67zjuyJIR18eekY2h7IOgCTFE9fkCD7Y4rQ:1rN8rA:EEAOyXbpEU0pdD1ofAF0B6Jhg2ApEXGA9FfYZz5RFEc	2024-01-23 15:27:12.219429+05:30
um6r5qjqhqz2nkgx02gap8nev8dibe0t	.eJxVjE0OgyAYBe_CuiGgEKTL7nsG8v1RbBtMRFemd68mLtrtm5m3qQTrUtLaZE4jq6uy6vK7IdBL6gH4CfUxaZrqMo-oD0WftOn7xPK-ne7fQYFW9toJgRs6ytkADCgdWys2AHmMENF67zjuyJIR18eekY2h7IOgCTFE9fkCD7Y4rQ:1rSAHg:RVS6OWueUzHybAj_gmzSW0me1vgCpZv8cky8QyFj-8Y	2024-02-06 11:59:20.062466+05:30
i85iuqmysu5tsfi3tatgtfp4rqj952kx	.eJxVjs0KwyAQhN_FcxATrZvNsfc-Q1hdbdIfBZOcSt-9EVJo9zKwM_MxLzHStk7jtoQyziwG0WvR_D4d-XtI1eEbpWuWPqe1zE7WiDzcRV4yh8f5yP4BJlqm2jagPbIhZmfZAnaAkQwpbANZNFVU8L0j0DEGBB_ARWVPfdTRY7dD6Zm3tIqhVfs1Ihf-jm4V-J3L4v0BN3VEDA:1l18ZF:BtXgU-sILiArwAC8Z71ASL9j8D9Kn17e1Fo3esf55Ps	2021-01-31 19:28:09.393563+05:30
z8jwctrvrt0j322gqjpnor3g5xb83ia5	.eJxVjE0OgyAYBe_CuiGgEKTL7nsG8v1RbBtMRFemd68mLtrtm5m3qQTrUtLaZE4jq6uy6vK7IdBL6gH4CfUxaZrqMo-oD0WftOn7xPK-ne7fQYFW9toJgRs6ytkADCgdWys2AHmMENF67zjuyJIR18eekY2h7IOgCTFE9fkCD7Y4rQ:1rRQbT:fw1YfsQT3AFI3G0QvvmSCgGnEyo-lO4KQPycEfOrxQw	2024-02-04 11:12:43.659866+05:30
udlu96vmptb9vjbj4gvw2gwff5di2b5q	.eJxVjE0OgyAYBe_CuiGgEKTL7nsG8v1RbBtMRFemd68mLtrtm5m3qQTrUtLaZE4jq6uy6vK7IdBL6gH4CfUxaZrqMo-oD0WftOn7xPK-ne7fQYFW9toJgRs6ytkADCgdWys2AHmMENF67zjuyJIR18eekY2h7IOgCTFE9fkCD7Y4rQ:1rQ6b8:Xr4Z-fNkW3DeVJv8MmSgBPR9N7gW-3inYgNFcGtnT48	2024-01-31 19:38:54.302582+05:30
76r49pseyoiyynsmwfsax766n0zycxjr	.eJxVjksOwjAMRO-SNYraxHFcluw5Q-XYKS2gRupnhbg7rVQk2M6beZqXaXld-nad89QOas6GvDn9honlkced6J3HW7FSxmUakt0r9qCzvRbNz8vR_RP0PPfb2geS0JDEjjAHX0twWmlin-vgqMOkAuiRKnQEqAldBHDR1xBEI7hNWib9voSmksjI5v0B9049Xw:1rNZJs:H3-u1SRC0Mwrcc72UAk5ekuXyXeSq5qTVkqB1LbFuIU	2024-01-24 19:42:36.31527+05:30
2by27hbpwv0wdiox94hjfziytuwgxhyk	.eJxtUEtug0AMvYvXCNkzjA3s2mtUFZpfAyplKhiyiXL3QMIGtZIXlt_H9ruB9T6tU-7smvs45cHbPKSp-4m5T2GB9uMGrx5aWJIf7HgooACboSVBw5orkVKzRuQCfud0HUKcN8UlpcsYN-o67AaERqHaJIqJxAijGIT7ZwHP_d26xLl7MUnDaeqs_47TDtlx3MflcUf55BzwUr6d_ng_VCer3i795mOCIktNRFdt5QKKKF9XjAGNbyprSPnGK-fYo1CoKUbF7FgaIfVV7V_9E14M3Z9YGqNrfX8A3oN0HA:1rQfxl:PLjiuheRRDnXGU-pIgCTolYh3LDKdjln2o6F_2pApJ4	2024-02-02 09:24:37.371532+05:30
prkd0wu5s9g8plevee3kfytm1j0dhgrf	.eJxVjE0OgyAYBe_CuiGgEKTL7nsG8v1RbBtMRFemd68mLtrtm5m3qQTrUtLaZE4jq6uy6vK7IdBL6gH4CfUxaZrqMo-oD0WftOn7xPK-ne7fQYFW9toJgRs6ytkADCgdWys2AHmMENF67zjuyJIR18eekY2h7IOgCTFE9fkCD7Y4rQ:1rQNFV:VnsOvSrqw-EDVVy_zbBmvpBe-iQdFQPYgVk2IxrUHCg	2024-02-01 13:25:41.185684+05:30
5xru2rdkb8f9nh9835tsu576rfh0e9cx	.eJxVjE0OgyAYBe_CuiGgEKTL7nsG8v1RbBtMRFemd68mLtrtm5m3qQTrUtLaZE4jq6uy6vK7IdBL6gH4CfUxaZrqMo-oD0WftOn7xPK-ne7fQYFW9toJgRs6ytkADCgdWys2AHmMENF67zjuyJIR18eekY2h7IOgCTFE9fkCD7Y4rQ:1rWqKx:uPeQ6DUeu_HQtMvYr1_gawOiS-ez7Vb2XdizbrSpCMU	2024-02-19 09:42:03.117108+05:30
o0ysz43mg3uu8adv4iog50le9jjm2zg8	.eJxlkM1uhDAMhN_FZ4ScOISYW_saVYVMMAsqJRU_vaz23Qu79LDtLRnPfLLnChJj2qa1lm3tdVqHKOuQpvpT1z61C1RvV3i8oYIlxUHGMwEZyAqVKbFgx8xlbjyTJZfB15y-h1bnPXJJ6TLq7t2Gg2DQeSIXbLCWgvfIJhi4vWdwX6DeFp3rh9N6eFIbiR86HSMZx0POz0Xyu-ccL_nL0yGvZ-oJ1cvS7xy0XrkwtimoaEoRdoELQu_ZcEdSoqVojVPyjWITjNqWjBpH6hx1nT0a-N-etvXfXoKxyBmkuf29rozdLhW8I7phkrGWz3unVYm4U88PI-LtB0bUhBQ:1rSDuY:ePN4PKDkK0ZstIHOZzgFBrprsqM-L4gF3Fqqk7yYtSM	2024-02-06 15:51:42.968196+05:30
qcrjn1hdhwtialxqsywxochd6algj5jx	.eJxlUM1ugzAMfhefEUrs4CS9ra8xTSgEU9AYmSDsUvXdBy0Xtpv1_dn-7hBiTOuU67DmXqY8xJCHNNVfkvvULnB5v8NrhgssKQ5hPBxQQMhw0VaxtszEpSKH5Av4ntPP0Mq8OW4p3UbZpOuwB2hlmMg4dIjkmJXXTsPjo4Dn_npdZK5fSmQ4oU2InzLtVBjHHS6PO8qn5qCX8u30x_VwnaL6sPRbjkIWX2lsKqoaG4I3zlekmL32HQWrkCJqI8SNqMZpwZa0aENiDHUd7gX8L0_a-m8thq0lfPwCsV1zcw:1rSwU0:f4hHVsPJQ87LFuhph3RK18meSnc_VyhZL2mulFXcyq0	2024-02-08 15:27:16.05837+05:30
krvlb9m6xxb4leu3333fuu78s6yvcdod	.eJxVjE0OgyAYBe_CuiGgEKTL7nsG8v1RbBtMRFemd68mLtrtm5m3qQTrUtLaZE4jq6uy6vK7IdBL6gH4CfUxaZrqMo-oD0WftOn7xPK-ne7fQYFW9toJgRs6ytkADCgdWys2AHmMENF67zjuyJIR18eekY2h7IOgCTFE9fkCD7Y4rQ:1rTDbO:5YMFMmF6n4HHy7SaAry5DglEzD4aAPofuncbXDrH_UM	2024-02-09 09:44:02.468475+05:30
01t18wf91j2i5afc3mu0s2kmzkljixdi	.eJxVjj1vwjAYhP_LO0eRbWJimCqWTmyFgaqKXn8lhsSObKeqhPjvdSo6sJ3unjvdHVJQDkdUKiw-dyljNrD_vMMcgzIpwR7G0DsPFSQV5pJBkbjkoZsx4rQC8KjgFC9Hyz5OTv-Q8-F9gK8KzIRu7EKeC-Pd1eVB3b7f-tWtVZjKTvc3tCQTO6cLRRl_dSWqm_FrpK_o-1B6Pkcn6xWpn2mqj0Gb8fBkXwYGTENpbzhHbg2VG8E104a0O0qaFokmFpVkBIWVfKeopWyLWjMqjcBGSxRCGrm-ClH_32yNaNhWWHj8AqrSaik:1pUE8R:L0Tm9YuF2tRUtPi8oVw6GNT7qAnWSPmcd9c21Bwaph8	2023-03-07 03:25:47.10606+05:30
7wiql2g90q2to2zvcq0loosc3u900nva	.eJxlUMtuhDAM_BefEUpi57W39jeqCoXELKiUVBB6We2_F3bpgfZmjWfGnrlBiDGvU2nCWnqeyhBDGfLUfHLpc1rg8naD5wwXWHIcwngooIJQ4CKt0MYIQqo1WktYwdecv4fE86a45nwdeaOuw24gBRlEcsophW6Teekk3N8reNxv1oXn5slUBk5oG-IHT_sqjOMO18cf9YNzrJf65ZTj9VCdrPqw9JuPUIa9lqrVqFsbgifnNQpjvPQdBisURiWJ0bQsWidZJZQsCZkIu07tBfwvj1PztxYii7j1kuf0Gy9pQya0Ee4_5Ah5_g:1rRz7u:9gRNdK-bnoM7LUdofM0Qy2RvW2xQp_y4-Wk0JFbVHn0	2024-02-06 00:04:30.099974+05:30
zt4p0jvkkn41ca05x0wyrpovk5bcodjb	.eJxVjE0OgyAYBe_CuiGgEKTL7nsG8v1RbBtMRFemd68mLtrtm5m3qQTrUtLaZE4jq6uy6vK7IdBL6gH4CfUxaZrqMo-oD0WftOn7xPK-ne7fQYFW9toJgRs6ytkADCgdWys2AHmMENF67zjuyJIR18eekY2h7IOgCTFE9fkCD7Y4rQ:1rP6Fl:clgmqbbv0YIzwxbYLuL_cKWic7YyLmrKd04fmhYqig8	2024-01-29 01:04:41.941423+05:30
j143jye52492k2u1vcif65d4zkeugqjd	eyJzb2NpYWxhY2NvdW50X3N0YXRlIjpbeyJuZXh0IjoiLyIsInByb2Nlc3MiOiJsb2dpbiIsInNjb3BlIjoiIiwiYXV0aF9wYXJhbXMiOiIifSwiUGFVTzNZN2cxbmdTMFFpaSJdfQ:1rbPOQ:YBWFeIlMPFZvJLcwapsKWx6mk4Qi6jdjFjvwWmlLhU4	2024-03-02 23:56:30.137289+05:30
r6rdsowffluxzg4slmfszlzcbt6e560p	.eJxVjE0OgyAYBe_CuiGgEKTL7nsG8v1RbBtMRFemd68mLtrtm5m3qQTrUtLaZE4jq6uy6vK7IdBL6gH4CfUxaZrqMo-oD0WftOn7xPK-ne7fQYFW9toJgRs6ytkADCgdWys2AHmMENF67zjuyJIR18eekY2h7IOgCTFE9fkCD7Y4rQ:1rV1oe:soe3o8tcqr5Zv_gBVsndcLNzdppQWjYBhlDqoiuPCdc	2024-02-14 09:33:12.688658+05:30
q3cpx2hew7ksqsgih0qw78ke6n1mnqlv	.eJxVjE0OgyAYBe_CuiGgEKTL7nsG8v1RbBtMRFemd68mLtrtm5m3qQTrUtLaZE4jq6uy6vK7IdBL6gH4CfUxaZrqMo-oD0WftOn7xPK-ne7fQYFW9toJgRs6ytkADCgdWys2AHmMENF67zjuyJIR18eekY2h7IOgCTFE9fkCD7Y4rQ:1rWTG8:mhTxAITHsoCBNQmi5-uyAq71GTgkXRzlAQr8qwKd18U	2024-02-18 09:03:32.073564+05:30
x4xuzhb12tijhp162v8scxgz4wick1ft	.eJxVjE0OgyAYBe_CuiGgEKTL7nsG8v1RbBtMRFemd68mLtrtm5m3qQTrUtLaZE4jq6uy6vK7IdBL6gH4CfUxaZrqMo-oD0WftOn7xPK-ne7fQYFW9toJgRs6ytkADCgdWys2AHmMENF67zjuyJIR18eekY2h7IOgCTFE9fkCD7Y4rQ:1rV5Zq:CYfh1yi9pQqZZ4a70NAiwRmOPqzm7t8pDh4i-VI4BM8	2024-02-14 13:34:10.275176+05:30
5an87yxk9wlwanbvij2n0juak1iten5n	.eJxVjE0OgyAYBe_CuiGgEKTL7nsG8v1RbBtMRFemd68mLtrtm5m3qQTrUtLaZE4jq6uy6vK7IdBL6gH4CfUxaZrqMo-oD0WftOn7xPK-ne7fQYFW9toJgRs6ytkADCgdWys2AHmMENF67zjuyJIR18eekY2h7IOgCTFE9fkCD7Y4rQ:1rW7mz:Tth591ywb2Q1j2LkvZAbujt3CUcxd6BSjcN6FOG2cI8	2024-02-17 10:08:01.351849+05:30
y0b87ulhli6apzijotbvego28kk68w10	.eJxVjE0OgyAYBe_CuiGgEKTL7nsG8v1RbBtMRFemd68mLtrtm5m3qQTrUtLaZE4jq6uy6vK7IdBL6gH4CfUxaZrqMo-oD0WftOn7xPK-ne7fQYFW9toJgRs6ytkADCgdWys2AHmMENF67zjuyJIR18eekY2h7IOgCTFE9fkCD7Y4rQ:1rgI34:oZwStVX-hdg1HaxZm-ylU5A5h4uzw1R1HlGVlu3-0mw	2024-03-16 11:06:38.273202+05:30
4sv6qkbzfrlro3s420gg8j5ehjpyqrcz	.eJytVFlv4kgQ_iu7fg7E94G00hqHOwZxZYDRyGrabdP4aMfd5siI_75tYzJhNMrOw7y5jq6v6quv_F2gBGIQAwhJkTLvasUkxKnQ-i7U7vIT-0IrLeL4QSgoyr0fZpaTA_ZRLrSEkJAwRgJPKcOCJEqWqCiKoeqyZeqyIWmmxaMxoMyrMa41fMCQtyc4Re9l0YnlwOMBUKFTygvuGMto6_Gxbos2r4BNSBJeFrxlPEcWLc2ULM3SRb2RYPmVySxKM2aIeZQRWbKsHSD7_VZ9tWTSBFl2q1KOBUnKUMpuBQv_zxakxfYTWlACcMzjKd5jtoPRQRZF6d-w9NbvqwzvgHIc4JIplheIt8m8HaA7_hI5k72ehOk8Pj0du0M5OSWwHfKHKUgQjy8Xvb_WC25nGLIiRx8ojXfKr9t-BI-2E5oEDlbuedM-ofg1slOlLWq-tC0i7Th0k0IdRctD4Jw3-jlfLucr9x9q6Q3IkUJ8QKn3A5-7ApDg-HzzVf3EBIK4tFDKLQy44iRD1HRVkVWj1EJ2c-imalwuVxHeyzIDlB5JXq7s71EkF4v8VXan6xEQJ9M-7drQT8e93nzLnkW4S-Pnwo62vxQjph4tMpRfIQIQU3TFqzsWrikMBMF7mDsAZHzW21LuFM01JKsNUWpI1kLUWqrRks2mKmmbchU7kiIvLZJtdUK_pYMA57zpO1KrMT5SWjVAgqqHzzv4WVX1SIRlHxiJMWXvQc4_H5-hcgH8_CGqrvNKIg9BktU8gYLtvAzkICkThMsNDPh-zh8h7v36ya_l_5n4-RayHCcgP1_Ny7cHgZEIpfdC4SdaYUgPt__bB8g6XzgD2WoC0Q7a3vbs7B1IO0_tQk08SXa9CPIDexPV4Wy0dPv9k7NePQMTTQfBLFZWmIZg-fQCj_7G7YxnunvaIBOsHMq2rmSEvWi8ysgy624cepyxjgOOb-uBouoecEnIXuTFXp-vnOlYG0Nz4Q9E7UAnnczuKvqhb76s1sMBm0eNkIgmsJ9g1AVOuB7Z02huzzrz7rTfW8kuXn45bL6w_jCaHCbTsLN46VketUXJkIR6SI8imCNWa-6UYb4Rr7y8O63olVYMrhVlI1wul_8ASMEC8A:1rQhiy:iA7siC9S52YVcxmYR75K10H4-GSlnrmW-R4zTjos_Gc	2024-02-02 11:17:28.419695+05:30
ev77ho02uudj8r6xk6lvnuh79s11k6ws	.eJxtUMtug0AM_BefEdq3cW7Nb1QV2ocJqJStYOklyr8XEi6ovVnjmfF47uBjzOtUWr-WnqcyRF-GPLVfXPqcFri83-E1wwWWHAc_HgqowBe4SBSNJGOJaqUcSqrge84_Q-J5U9xyvo28UddhN5BCktBao3GKGqdQ2obg8VHB8367Ljy3L6ZCOKHBx0-e9pUfxx2ujxz1k3Osl_rt9Mf1UJ2ser_0mw-azmudlEHbCOs42M4iCdtEcohE2hkdEmtWKhjBxnGnAnnfBZeIttzVf-Vxav_Ugha1efwCAxt0Xw:1rbPRn:41MhanAQU-N92FCkoOV1yXIaois9A_BDL8C168H1w4k	2024-03-02 23:59:59.234519+05:30
ggozvuz2xvmh7mvagchnl80ulex1t1rf	.eJxVjsEOgjAQRP-lZ9N0SwvFo3e-gex2t4IamlA4Gf9dm2Ci13kzk_dUI-7bNO5F1nFmdVZgvTr9poTxLktFfMPlmnXMy7bOpGtFH7ToIbM8Lkf372DCMn3WjffokwA1wbNlMV0PxnVo2CSMZA2GRL6PkMC2yGyBJKBjwhBIqFrllb-aDG3nGkb1egNwDT-e:1pzXg7:tcOHpdvrIeWQuKR4ukNIhtVHOJnhw5OZqzuhI6FT7F0	2023-06-01 12:33:59.26419+05:30
4qf3832m7sc1y02q9o43nafxxpysdlom	.eJxtUEluhDAQ_IvPI2S8tGluyTeiCHlpFoXgCJtcRvP3GAYpQsnNqs3VdWeJZvKZQudtpiGuEyXWvr3ffgm32iWcoPU-bkvu7JZHWvJUTFNcuk_KYzw0d_Z8s5al6Cc7nw5WvJm1teEARqEQFahaGXFjX2v8ngKtxTHEOMxUpNu0B9S8Ri6lNAoENiBMrRtkj1Lj-L_bEq3dUykMu6DO-g9adsrO8w5XZ4_q0Jx0ql4ud7yerkvUaNNYcozqrZRBKKMbroGc7rVBrhuPYAyiBCVdIElCOMVJAfXCobW9g4BYev87Xpn3zyxCAcLjB08LhQU:1rV26s:PsBkFMAcvdZMjcOdBqyS9W6Ey5eDeZBu7Bqulei-3S0	2024-02-14 09:52:02.662878+05:30
5lrlve8708tayhwjm5qhvadh9scu2frc	.eJxVjE0OgyAYBe_CuiGgEKTL7nsG8v1RbBtMRFemd68mLtrtm5m3qQTrUtLaZE4jq6uy6vK7IdBL6gH4CfUxaZrqMo-oD0WftOn7xPK-ne7fQYFW9toJgRs6ytkADCgdWys2AHmMENF67zjuyJIR18eekY2h7IOgCTFE9fkCD7Y4rQ:1rRlAo:ooqYY5BHy9vvS-KVYvtWznWDgR4DAg99-GE6NEvLv_k	2024-02-05 09:10:34.783995+05:30
7yfxjq4c3dyje9wswv7sewphxna7g1lp	.eJxlkMFugzAMht_FZ4TiJISE2_oa04RMMAWNkgrCLlXffYHSA9vNsv__t_09gLwP6xRrWmPPUxw8xSFM9Y1jH9oFqs8HvGqoYAl-oPFwQAYUocJSGIFKW8zRWrSuzOA-h5-h5TlZriFcR07addgSUGijklhaKZU1Rji0CM-vDPYD6nXhuX4ppYFTtyH_zdM2onHc2vlxSL5rjvGSf5weuRyuU1RPS59yhDTsCpRNoYqmJHLaukIJYxy6TlEppPISNSvTsGgssmwVMmrFWquukxuB__S4rf9wkUIYLE0G3TDRWNNtx1dZYzNI9nvCvb2MMoMwt28AVhMLXepty9tRiOcvKsKIwQ:1rSv45:tJa9bGNOTjAGjJknxPh1lHjHJw3S30FeCLXYJfaytw4	2024-02-08 13:56:25.719932+05:30
pgx9mz0foapk440z87w6ka5b8s61psec	.eJxVjE0OgyAYBe_CuiGgEKTL7nsG8v1RbBtMRFemd68mLtrtm5m3qQTrUtLaZE4jq6uy6vK7IdBL6gH4CfUxaZrqMo-oD0WftOn7xPK-ne7fQYFW9toJgRs6ytkADCgdWys2AHmMENF67zjuyJIR18eekY2h7IOgCTFE9fkCD7Y4rQ:1rRvvy:oJM-p9JIEu7QTvgN7RrxLGeEDZ09eL9VXhTyORHvEJ4	2024-02-05 20:39:58.196542+05:30
f839essgkhdsw55ohu5n2iubjdo4agxb	.eJxVjE0OgyAYBe_CuiGgEKTL7nsG8v1RbBtMRFemd68mLtrtm5m3qQTrUtLaZE4jq6uy6vK7IdBL6gH4CfUxaZrqMo-oD0WftOn7xPK-ne7fQYFW9toJgRs6ytkADCgdWys2AHmMENF67zjuyJIR18eekY2h7IOgCTFE9fkCD7Y4rQ:1rTdpJ:ZLyFVIbbb4Q_3WBQ66FZDkZhIGCg_8dkDZfS__QlTng	2024-02-10 13:44:09.543783+05:30
vgjlpa36ufvgzjbnufuhmgdadfxzsgcc	.eJytVNty4jgQ_ZVdPwewBcaYqq0aQwYcriHhkrC1pRKysGVsy0gygZni31c2JkNSU9mXfbO6W31OH532T00wTFGEMGZZIuHlFDGfJlr7p1aG80_qae0ki6I7LROEw1_HlLMD9QjX2prPmB8RTZXkac3QTaADw9JB0zAs02rqlqmrbISEhCXGpYeHJIEhowl5b0uOkiOoEqhAF0I1DKRMRbtWK2mJ6gWwilms2qIfqaoBum22DNu0m3qzElOwl0DuklRaOt-lDBi2HSAWhpvG3gasitL02iUfC7NEkkReG2be_9tQZJsvZCExopHKJzSkMsC7wzc_j5R3iyw8EE63NFdJ8owoihIGSATqVv1-9x3hFW51M_P7Gop7r7Vv-epigmKi8pOHwcPc_aO7VKGUYplxcqNoFNR_z7qGak7XbzE8Snm8xqNJOjplrAF7PLENOXlDXTDsoSCzwp616Mz7D9Nl7P8l7GYFKyCfHkgCPzBQ0S2KaXS6hgtGEcMoyk8kqfQ7KkCRcp3SyLRN3Tbs3A_pNdAwDft8vhjxozVTJMQb4_mz_QlO3EUd943Hh0FLIrLvPx3AwDzdu7vBYTmqd6JDrDd2zm8NSQUUWUr4BWKLIkEueCVp7VIi0Xb7nlYBhKWa-Po4H1ytfAQaFd2oADA37LZhqmGqtmWs8_cIWEJgksWbYo3-0wtbyhXhz7IWU9yKWuCzbUHhawKfzVVOxGR6I0hEhXxPKvnV9JLk-idqV1X_mlb8DDApdvUip6rCLC0VQ5kMYIo4ivMC7XzFRZ7H1SWion9_8aP5WpPPm5FyGiN-uhzP_9xpku1I8tEualmL_sbd9U93A1fWaycE7CrSnW0Hbk6dzmsnHZjudDY9sop8WgYDPv7h6K1XgEfP6C3JyJLu4GAi4NF_IQRkbmUuK4th3Q0XszA6PXtOWLeG4dCbbfaPARmGwdTYmtAMLAvwuS-Ig3vd8WK-Gi8IMuVjr7_3V-unaRQvXJgI6-g_4snIwDiboH5zvMKzzajlucTlDdT1X4fOSjw7T85zb-b2X8CYZo1G_WFsPBqoYc5edfyyXtPhTFebpJUzQkEwJ7I03jGl6jFgvn63jgF64Zhm1W7aa-18Pv8L0kgEsw:1rRzlN:gjYnJV3HNRNe9ROdTFNH53-eO0mZFf2E_3FrrQ9V_aQ	2024-02-06 00:45:17.978283+05:30
7n2ky9cdzw4ux6cp8w8b36f7ucacmd6k	.eJxVjE0OgyAYBe_CuiGgEKTL7nsG8v1RbBtMRFemd68mLtrtm5m3qQTrUtLaZE4jq6uy6vK7IdBL6gH4CfUxaZrqMo-oD0WftOn7xPK-ne7fQYFW9toJgRs6ytkADCgdWys2AHmMENF67zjuyJIR18eekY2h7IOgCTFE9fkCD7Y4rQ:1rQtw5:--W4cm9npS2rC1yBBK42shapy4yDkAT-s7HwShz1lh0	2024-02-03 00:19:49.669739+05:30
nvkeq32hj60jirqrtt35htfv6008lifz	.eJxVjE0OgyAYBe_CuiGgEKTL7nsG8v1RbBtMRFemd68mLtrtm5m3qQTrUtLaZE4jq6uy6vK7IdBL6gH4CfUxaZrqMo-oD0WftOn7xPK-ne7fQYFW9toJgRs6ytkADCgdWys2AHmMENF67zjuyJIR18eekY2h7IOgCTFE9fkCD7Y4rQ:1rSqgo:oLm5wn_TqaOdAF6NVuSwfryhIPnkk1k75gmElLkvFgg	2024-02-08 09:16:06.245825+05:30
cmejr32y88fvn7zz4679d8t9h2ac9fgz	.eJxVjsEOgjAQRP-lZ9O0hYXi0Tvf0Ox2t4KaNqFwMv67kmCi13kzk_dUAbd1CluVJcyszso6UKfflDDeJe-Ib5ivRceS12UmvVf0QaseC8vjcnT_Dias02fdACAksdR4YMdi-sGatkfDJmEkZ9AngiHaZF2HzM6SeGyZ0HsS2q3Kwl_NCLGDhL16vQFyAz_U:1rJe6Y:JSdFpkN-ugCvd4p-zbrmVjjJC21WMisU4Vy9sFa1seg	2024-01-14 00:00:38.171623+05:30
1s7gg7s1wqt7shuqvdwnh20wh33cx15i	.eJytVFtv6jgQ_iu7eS6QpIQQpJWWe7g05VbK6WoVDcFJTC42tkOhR_z3dULottVR92WlPGQunvnm8zf-qXDiYYjB80iWCvdqxSTAqdL6qZTu_BfvlFaaxfGdknHE3H9NysgR7xBTWkpASBAjRabkYUVTDV3VNVPVG5pmGmZDNQ1VRmPgwi17XGvsQCB3T3CK3suik2DgygAU3TmXBUMhKG_VaiUsXr02rHokkWXhjcocXbWMpmYZVkNtVBKsH4QuopQKU2URJbpmWSGQ_X5bP1g6qQKltyr5WB5JBUrFrWC2-38L8mz7DS0oARzLeIr3WIRedPwzyD3l2SLqHhHDPs5ZEixDEqJwQ-BhDvPUX9Q7S6N9nj72eXw6VXpkEMiDKSRIxp3ReLSyf-uupYtiT2QMfWA0Du9_jboGtXY3aBJvSlny4k0dOj1npO4OWGppwnmFrj4ZQJiZ-4H51FkNR4_rJPiDW42KJxsF-IhS9xMC6fUhwfH55i4QxcSDOLdQWhl2pAODVJ3kyGjU1XvLyvVAbw5pW5fLVYifpUmB81fC8mv7vT2k2jPse4vEOuvz1Wy1mCy506HN3nBCnGYnmvspqA_HXwoSc5dnFLFrCx9ijq79StDKNUWA77-HpQM8ISe-Xc4nVUsd6fWKqlU0a6UaLVWVX_W-ab3k9xGSFLlplmyLNfpPLfiYScBfaS2m-Ehq0Z_4BYTvAXwVVzkREfQDITHm4j0o6ZfTC5Tzn8pdlfVrSvEYeKjY1SudMssjtGQMMhG6FBgkeYJyufWF3Y7JQ0h6__rmofmek6-bQRlOgJ2v5uXvO0WQCKWf5SKXtaiv3d1eug_tynzlDLpVBbXtd9ztubOMRuNoOPghnJgdfd9E9sQ2jWP28jacOWn_0F6P-9mTv7UNbfw08Ge7UO_et43ASV6i1bzuxFk_ee42_N2jBYkdbja948nvQ4iW3QXunPmo3ttN12u67r4mc-gfIhj3RpGqV4YLe2nbb_psUJlaDwOfHfrrxWzv0IM7STYeIDYh0A1-TNprvmwv2svB3B5u9Afs-vXw2Z_u5_GGJOFrYD81VstA1UxNKYd0OfIYEqXyThTL23Dz_fsiGcOSn5SM-aJcLpd_AOrGBak:1rQgz2:6SJVggj2V5TzrgNbUrA3HN06PI89xzzUEoCb3CNSdm8	2024-02-02 10:30:00.39285+05:30
b7qqlpjx5ua1paifn9kgyvf9zzxphz7q	.eJxVjE0OgyAYBe_CuiGgEKTL7nsG8v1RbBtMRFemd68mLtrtm5m3qQTrUtLaZE4jq6uy6vK7IdBL6gH4CfUxaZrqMo-oD0WftOn7xPK-ne7fQYFW9toJgRs6ytkADCgdWys2AHmMENF67zjuyJIR18eekY2h7IOgCTFE9fkCD7Y4rQ:1rUInW:eIkhbaOrOOKIgQt1PJd42DH-oTn6vIDvfjMYj7Lbei4	2024-02-12 09:29:02.513386+05:30
n1sc0gmbmpsq4pdjedz0g6tavoq137v1	.eJwViksKgDAMBe_y1oIuxQOodxCREIoftKkmFaF4d-tuZpgEFV5pJ2aJ3iY1ModmSPDuMTQoUSBcwk412y7z6nNRlpA3ZKRoyxToouMf8Baoqlb6pTtjW9Omd4_x_QApLCIs:1rbPS9:HRjCVTldKTuGKu9w2R6WvR3HasrpnDmObCro-kbYekw	2024-03-03 00:00:21.987259+05:30
atft7h5dbfohru7gozr4q7gqjuzvmhvq	.eJxVjE0OgyAYBe_CuiGgEKTL7nsG8v1RbBtMRFemd68mLtrtm5m3qQTrUtLaZE4jq6uy6vK7IdBL6gH4CfUxaZrqMo-oD0WftOn7xPK-ne7fQYFW9toJgRs6ytkADCgdWys2AHmMENF67zjuyJIR18eekY2h7IOgCTFE9fkCD7Y4rQ:1rRygW:ERdv1BQuk048VQd4mdYNLOTau_pTchRlZmHcPXTb8Ac	2024-02-05 23:36:12.594683+05:30
ajdv4xe47dmlscqs5x4jxxc860f1rh62	.eJxVkE1uxCAMhe_idRTxEyBk116jqiIDToPKEIkk3VS9e6HNqB3v_J79Wc-fgN5vZz7mDypxiRRmumFMMOUzpQ5mPI91PncqcwwwAZcMHlSH_p1yszClJvcXsP-Zuey9f6od5SN6POKWn6-tB9SK-1o5pNWCTA6jc9x6HIzyTjMppQgjOiEXMwjn9ajsELiQZJhDobVBb5SQukHvmfDvaA2GB0zcMCs1V8L2xgxaiQ52SuSb36bethJph-nl9Z_hCtYIvyLeGrmCWK0OthLur0GmFmXHBb6-AVSNcPc:1rgJ3f:iHeI4M2L_O-0LaNlxNp7palKNlbZWERvaQfll44IU6A	2024-03-16 12:11:19.298246+05:30
euvz5d4nnhnpjx9enl08ks878dw4ah72	.eJxVjE0OgyAYBe_CuiGgEKTL7nsG8v1RbBtMRFemd68mLtrtm5m3qQTrUtLaZE4jq6uy6vK7IdBL6gH4CfUxaZrqMo-oD0WftOn7xPK-ne7fQYFW9toJgRs6ytkADCgdWys2AHmMENF67zjuyJIR18eekY2h7IOgCTFE9fkCD7Y4rQ:1rVO8M:bkjfjzRWhXAdbBM7wk3a_B5hOgNQMe4XiJ4rfYhEyws	2024-02-15 09:23:02.226639+05:30
pxkmrpd6x9cic7yt06rjzownskw3x05r	.eJytVWuTojgU_Su7fG5tgiJg1VYN2r5atEdFd3RqiooxQGwgmARRp_zvG0R72q6p3tqq_ca95-Y-Ts4NPxVOEYERRIhmifBKK6IBSZTmT-XqLj7JRmkmWRQ9KBnHzPtlpozuyQYzpakElAYRVmRIAStA1TVVA4aqNQAwdKOhGroq0Qhy4V1rlDk2UGBvS0mC39Lig2DQkwC8VOdcJgyFSHnz8fHaFq-WBauIxjItPKUyRlMt3QSWbjXURiUm2k5o4jVJhaGy15RqwLJCSLfbdX1nabQK0_SWpRgL0UTgRNwSZpv_NyHP1p_QgmNIIoknZEtEiF73X4LCcz17Qb09ZsQnBUuCZVi2KLwQ8lCe2jrxqjMimDs5XI1Ojl0zQ5DLgwmMscTHg-eB2_-jvZCulCCRMfyO0Sis_b7rR_hotwOTIidl8Qo549Q5ZrTudVliATHOYVsbdmGYGduuMW-5vcHLIg7-4lajgmShgOxx4t11IL0-jEl0vLkvHUUUwaiwcFLptaSDQKk6yZGum6oFjEIP6c1R14FxPpdCvJdmCjnPKSuu7U9aO3Tz6XRBdCaMejjWULeNeho7ze2ZDVgwycigf0DT3wqScI9nKWZlCR9GHJf1rk0rZYiAvv8GSwdEQk58u5w7VUsdafWKCirAdIHW1MxmzawC01wV9xHSBHtJFq8va_SvWvAJkw1_pPUyxXtSL_Wpf2nh8wY-ius6ERXpO0IiwsUbKOmX0wtc8C9fAIQvC1pyKCFE0ytNMBOhl0IG4yJAOd-Kwc2GyUNYer9_8rp8TsTHdUgZiSE7lub5x4Mi6CtO7jUiN_SSHzzcnrd35a7xyhFqVhWqtt_y1senwKsPT-2NO90wPpqNl4RPR87ePehcXwI4rKn7SXfIJmI8sbyEoZPdNXf9FB8r9SWicvARGA-3rePJz4Op8WRpzoy6885XkXi7zbg_c1aH-cJqrPjBdgdzd7luHToOWTX2bv7128TwV5NWG-QT8qwvgt3z6dVxlp14_DKdddBLQmA7WA7tdWdmT-1Zd9LvfdNGJM_nh1lvcsw3RocNa4M4mqujQAUGUK5DehwjhsVVboeUyNvwiqW700ntohND6sRYKcXOffhdlBL4_p818DTlLncH7G9_ezICHCg_zv8AcA8jPw:1rQRY6:fwnbzrIOX75i-_7lm-FNK5BA2SXyPSyqik77ifWe2d8	2024-02-01 18:01:10.493189+05:30
k8mpoes9p8v49ko1yj8p3wqpzoczhng0	.eJxVjE0OgyAYBe_CuiGgEKTL7nsG8v1RbBtMRFemd68mLtrtm5m3qQTrUtLaZE4jq6uy6vK7IdBL6gH4CfUxaZrqMo-oD0WftOn7xPK-ne7fQYFW9toJgRs6ytkADCgdWys2AHmMENF67zjuyJIR18eekY2h7IOgCTFE9fkCD7Y4rQ:1rXx32:FOPdApAtELo24pwSrhFVanADVsFb63EPVMGDdfYEuN4	2024-02-22 11:04:08.523495+05:30
0179m4qczsie3dty3wcf8csam3nln46t	eyJzb2NpYWxhY2NvdW50X3N0YXRlIjpbeyJwcm9jZXNzIjoibG9naW4iLCJzY29wZSI6IiIsImF1dGhfcGFyYW1zIjoiIn0sImZqbWRIaDNpREpYUlRaUUwiXX0:1q7NCA:6vsT1o2M0nBcHzYmLm6KCZEX8fDg5hsuHzaJoU5bcpM	2023-06-23 02:59:26.93983+05:30
su5vk4l4cxktq8pv0c3ftfz2svi320wh	.eJxVjE0OgyAYBe_CuiGgEKTL7nsG8v1RbBtMRFemd68mLtrtm5m3qQTrUtLaZE4jq6uy6vK7IdBL6gH4CfUxaZrqMo-oD0WftOn7xPK-ne7fQYFW9toJgRs6ytkADCgdWys2AHmMENF67zjuyJIR18eekY2h7IOgCTFE9fkCD7Y4rQ:1rRG61:SbxdUswh8FhLYDHYsusDVY0idHHyxRUsUatPJfKHGUI	2024-02-03 23:59:33.301977+05:30
22vqijept62jhuf9kyyk368p6uel1ebs	.eJxlUMtuhDAM_BefEYrtYJK9dX-jqlAAs6BSUkHoZbX_XtjlQnuz5qXx3CE0TVynVIU19TqloQlpiFP1pamP7QKX9zu8brjAEpshjIcDMggJLlgaMUjCPjdOyCNn8D3Hn6HVebPcYryNumnXYU9AY4XZOnJE7ESMR4fw-MjgWaBaF52rl5IETmgdmk-ddiqM4w7nR5H8qTnoJX87PXI9XKeoPiz9lmNI1BdIdcFFXYbgrfMFGxGPvuNQGuKG0CpLraZ2qNQyKlpWa7nraF_g_3raVn938ZbEP34BibBzaA:1rSFot:9HjlYkRZQxHzue-vsvz1dkBlajoOLs2PoFyzXhLZdpQ	2024-02-06 17:53:59.09677+05:30
yiwmn0h1hazoog8qjcmpav3q6lqdp6jp	.eJxVjE0OgyAYBe_CuiGgEKTL7nsG8v1RbBtMRFemd68mLtrtm5m3qQTrUtLaZE4jq6uy6vK7IdBL6gH4CfUxaZrqMo-oD0WftOn7xPK-ne7fQYFW9toJgRs6ytkADCgdWys2AHmMENF67zjuyJIR18eekY2h7IOgCTFE9fkCD7Y4rQ:1rUf0s:5GYj3vv8qfC2IxdUGlYerhxkz6ymQwz7W9tuqzaXSA4	2024-02-13 09:12:18.697011+05:30
3punuhw1uj0i0vxfcim8t7tfixmghpvj	.eJxVjE0OgyAYBe_CuiGgEKTL7nsG8v1RbBtMRFemd68mLtrtm5m3qQTrUtLaZE4jq6uy6vK7IdBL6gH4CfUxaZrqMo-oD0WftOn7xPK-ne7fQYFW9toJgRs6ytkADCgdWys2AHmMENF67zjuyJIR18eekY2h7IOgCTFE9fkCD7Y4rQ:1rQo2y:2nafvkZ9lSwsle2mirGCmxXOc_K3Cpa4kuHVt9l8HPQ	2024-02-02 18:02:32.165514+05:30
3ds80bm0hu4l699yxaxny8atvc3wzlpa	.eJxtUElug0AQ_EufEZp9prnF34giNEtjUAgTwZCL5b8bbC5YubVqU3XdwMeY16m0fi09TWWIvgx5an-o9Dkt0Hze4HVDA0uOgx8PB1TgCzTcMo2aM4m1tk4ZwSv4nfPfkGjeLNecryNt2nXYEzjjyKSUdhOiM8Jy7RDuXxU8C7TrQnP7UgoLJzT4-E3TTvlx3OH6KFI_NQe91B-nRy6H6xTV-6XfcqzqvJRJKKsd04aC7rRFpl1EYy2iNEqGRJKECIqRMtSJgN53wSTErXf133qU2vddnFLK3B_XO3RM:1rRznL:k35uSY3-SpDGgL7jDNMmT2n4BA11BQegb8LK0lYp3Kk	2024-02-06 00:47:19.587437+05:30
5upfh7fmq9w4kywrbrwf74562182ad1g	.eJytVGuTqjgQ_Su7fB4VEEGs2qpVRtTxMauj9-HWFhVDgCgkMQk-5pb_fQPi3HHq1uyX_UZOd053n5zmhyYoxCAFENKcyOB6SmmMidb5oVVw8YlDrUPyNH3QcoF48PPIOD3gEHGto8WUxinSVEoR1gy9Zeqm4eimbRhOy7F1p6WraAqEDKoaV44QSBRsKSbojRadJAeBCoCyuhCKMJGSiU6jUbUl6teCdUgzRQtemcoxdbfVNtyWa-t2LcPmXppyR5h0dL5j1DRcNwF0u91Ye9ekdcDYjaUYC1IiEZE3wjz8fwlFvvlEFpQBnKo4wVssE7g7_BkXSHW3jAYHxHGEC5Ukz5FqUQYJEIm6lTrrR2-xHqcL29k7vXw88TfpXF0kIEMqPhs9jZbD37wvCmIYypyjd4qmSfPXXTdAo-vFbQonjGdrOJmxyTmnVuBz4hpydgSeOfZBkjtb31n1loPR85cs_kO4dg2qQjE-IBLcdaDQCGQ4Pd_gsqOUQpAWJ0Rqg54CMFCuUxop5S3HNQs_sBvQbrrm5XI14r01GRDiSHnxbL83_dCwgViOk7n9nPTDzc4650-pd3b0NHZjmvhf_2LRYPZLQ2IRiJwhfi0RgVSga72qae2aIkEUvYUVAKBUE98e587VykemVdPNmuEsjXan2ewYzbpl2-viPRJKUEDybFOu0X96IcJcNfxR1nKK96KW9WlUtvB5Ax_NVU1EJXsnSIqFfAsq-dX0EhX6E7Wrir-hlT8DiMpdvcqpsiBllWIgl0nAAAdZkaBdbnVBGHJ1CSn0709-NJ9r8nEzGMcZ4Ofr8fLPgybpDpF7u6hlLfmNh9uf7l25Kl87A9OtA70b9YLN-XH-yod5H6NFv787T0U2OXZXB-ug77MD9vhp9S2BjIz9_mzQbxlziC07cafT1fCZRO54SHVvT8jQW402p-POOo579qo1nUJvmO9P8_Zk8YSSJ85c5ofLx1fCoXzdD8eDjCxeanIwdIU-Bclu4UXbwcRrWTDZdw06wivCRgdDtoEXfx93V8eX7qL74s-Hg2_mFH9tt_PMnGySNbHWL8iORX8ddXXDMbRqyEAgyJGsnHdiWL1GUOzfnWXc0jKmsoy11i6Xy79GegZL:1rbPUv:kmsVhUsy4NIpEbrE3x0d6gDRoEoJdPdFXBr7okK6tFY	2024-03-03 00:03:13.475222+05:30
\.


--
-- Data for Name: django_site; Type: TABLE DATA; Schema: public; Owner: postgres
--

COPY public.django_site (id, domain, name) FROM stdin;
5	http://127.0.0.1:8000	UTG Hobby
\.


--
-- Data for Name: socialaccount_socialaccount; Type: TABLE DATA; Schema: public; Owner: postgres
--

COPY public.socialaccount_socialaccount (id, provider, uid, last_login, date_joined, extra_data, user_id) FROM stdin;
20	google	101903337462986271589	2024-03-02 12:08:49.725326+05:30	2024-03-02 12:08:49.725326+05:30	{"aud": "209581959606-mi2qt2tknpt70rkpo2199haojjb4q92o.apps.googleusercontent.com", "azp": "209581959606-mi2qt2tknpt70rkpo2199haojjb4q92o.apps.googleusercontent.com", "exp": 1709365129, "iat": 1709361529, "iss": "https://accounts.google.com", "sub": "101903337462986271589", "name": "UTG YT", "email": "nijithckv2001@gmail.com", "locale": "en", "at_hash": "yoveq3_DoqfPefeo0AOj8Q", "picture": "https://lh3.googleusercontent.com/a/ACg8ocIXMyZBxelqkAn3B05d1buk5wJMmu4KkUvfCyZ6yrUUSXM=s96-c", "given_name": "UTG", "family_name": "YT", "email_verified": true}	130
\.


--
-- Data for Name: socialaccount_socialapp; Type: TABLE DATA; Schema: public; Owner: postgres
--

COPY public.socialaccount_socialapp (id, provider, name, client_id, secret, key, provider_id, settings) FROM stdin;
1	google	google	209581959606-mi2qt2tknpt70rkpo2199haojjb4q92o.apps.googleusercontent.com	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			{}
\.


--
-- Data for Name: socialaccount_socialapp_sites; Type: TABLE DATA; Schema: public; Owner: postgres
--

COPY public.socialaccount_socialapp_sites (id, socialapp_id, site_id) FROM stdin;
3	1	5
\.


--
-- Data for Name: socialaccount_socialtoken; Type: TABLE DATA; Schema: public; Owner: postgres
--

COPY public.socialaccount_socialtoken (id, token, token_secret, expires_at, account_id, app_id) FROM stdin;
\.


--
-- Data for Name: user_authentication_customuser; Type: TABLE DATA; Schema: public; Owner: postgres
--

COPY public.user_authentication_customuser (id, password, last_login, is_superuser, username, is_staff, is_active, date_joined, phone_number, email, first_name, last_name, date_of_join, email_verified, otp, is_listed) FROM stdin;
1	pbkdf2_sha256$600000$WqJD6SWg8eeEMla05BRJxv$5pfyMIt0xSKt6jSrDrNcl9uEIGe53rHHX8OlMigkOtU=	2024-03-02 11:06:38.262002+05:30	t	admin	t	t	2023-12-12 16:46:36.89391+05:30		nijithcv@gmail.com			2023-12-12	f	\N	t
129	pbkdf2_sha256$600000$Hb2ph5svzZhHYsRJH6POjQ$p78gRQ2HXLyJx89m/rsF8yvlVfx7AwECmNwxuhUexfg=	2024-03-02 12:07:05.099923+05:30	f	nijithckv@gmail.com	f	t	2024-03-02 11:54:54.503626+05:30	7994997999	nijithckv@gmail.com	Nijithx	cvv	2024-03-02	f	882145	f
130	!LyhTQZYCFtoYUAtRAexXOKryrnTTfu4tkktY5OMH	2024-03-02 12:08:49.77166+05:30	f	utg	f	t	2024-03-02 12:08:49.650832+05:30		nijithckv2001@gmail.com	UTG	YT	2024-03-02	f	\N	f
\.


--
-- Data for Name: user_authentication_customuser_groups; Type: TABLE DATA; Schema: public; Owner: postgres
--

COPY public.user_authentication_customuser_groups (id, customuser_id, group_id) FROM stdin;
\.


--
-- Data for Name: user_authentication_customuser_user_permissions; Type: TABLE DATA; Schema: public; Owner: postgres
--

COPY public.user_authentication_customuser_user_permissions (id, customuser_id, permission_id) FROM stdin;
\.


--
-- Data for Name: user_cart_cart; Type: TABLE DATA; Schema: public; Owner: postgres
--

COPY public.user_cart_cart (id, prod_quantity, cart_price, product_id, user_id) FROM stdin;
\.


--
-- Data for Name: user_coupon_coupon; Type: TABLE DATA; Schema: public; Owner: postgres
--

COPY public.user_coupon_coupon (id, name, code, discount_price, minimum_purchase, exp_date, usage_limit, user_count, is_active, created_at, updated_at) FROM stdin;
24	C	C123	500.00	1000.00	2024-02-29	10	1	t	2024-02-12 11:27:39.149237+05:30	2024-02-12 11:28:06.878418+05:30
25	p	P123	500.00	1000.00	2024-02-29	10	1	t	2024-02-12 11:29:04.670341+05:30	2024-02-12 11:30:08.333301+05:30
22	S	S123	500.00	1000.00	2024-02-29	10	2	t	2024-02-12 11:02:48.204559+05:30	2024-02-12 11:39:48.008613+05:30
23	Q	Q123	140.00	1000.00	2024-02-29	10	2	t	2024-02-12 11:25:41.115939+05:30	2024-02-12 11:42:18.752085+05:30
21	N	N123	500.00	1000.00	2024-02-29	10	3	t	2024-02-12 10:59:15.612153+05:30	2024-02-12 19:37:02.37455+05:30
26	JIM	JI123	1000.00	3000.00	2024-03-30	20	1	t	2024-03-02 11:59:31.854076+05:30	2024-03-02 11:59:50.401573+05:30
\.


--
-- Data for Name: user_coupon_couponusage; Type: TABLE DATA; Schema: public; Owner: postgres
--

COPY public.user_coupon_couponusage (id, total_amount, applied_on, coupon_id, user_id) FROM stdin;
122	\N	2024-02-12 11:42:18.754625+05:30	23	\N
123	\N	2024-02-12 19:37:02.376664+05:30	21	\N
124	\N	2024-03-02 11:59:50.408553+05:30	26	129
\.


--
-- Data for Name: user_order_order; Type: TABLE DATA; Schema: public; Owner: postgres
--

COPY public.user_order_order (order_id, payment_mode, order_date, expected_date, delivery_date, total_price, address_id, user_id, quantity, applied_coupon_id, applied_offer_id) FROM stdin;
13b621e8	cod	2024-03-02 11:59:57.724746+05:30	2024-03-09	\N	4070.00	45	129	13	\N	\N
2fd93609	razor	2024-03-02 12:02:12.838478+05:30	2024-03-09	\N	6900.00	45	129	17	\N	\N
0211a3f9	wallet	2024-03-02 12:03:51.395888+05:30	2024-03-09	\N	2842.00	45	129	9	\N	\N
a05f598f	wallet	2024-03-02 12:10:38.79109+05:30	2024-03-09	\N	2880.00	47	130	10	\N	\N
\.


--
-- Data for Name: user_order_orderitem; Type: TABLE DATA; Schema: public; Owner: postgres
--

COPY public.user_order_orderitem (id, price, quantity, modified_time, status, order_id, variant_id) FROM stdin;
505	930.00	3	2024-03-02 11:59:57.739356+05:30	Order Confirmed	13b621e8	25
506	960.00	4	2024-03-02 11:59:57.757904+05:30	Order Confirmed	13b621e8	39
507	480.00	3	2024-03-02 11:59:57.767418+05:30	Order Confirmed	13b621e8	38
508	2700.00	3	2024-03-02 11:59:57.778154+05:30	Order Confirmed	13b621e8	35
509	90.00	1	2024-03-02 12:02:12.851007+05:30	Order Confirmed	2fd93609	36
510	1800.00	2	2024-03-02 12:02:12.87053+05:30	Order Confirmed	2fd93609	35
511	2400.00	3	2024-03-02 12:02:12.881021+05:30	Order Confirmed	2fd93609	32
512	1050.00	5	2024-03-02 12:02:12.891482+05:30	Order Confirmed	2fd93609	24
513	1560.00	6	2024-03-02 12:02:12.900054+05:30	Order Confirmed	2fd93609	21
515	303.00	2	2024-03-02 12:03:51.423707+05:30	Order Confirmed	0211a3f9	16
516	399.00	2	2024-03-02 12:03:51.434687+05:30	Order Confirmed	0211a3f9	23
517	420.00	2	2024-03-02 12:03:51.443959+05:30	Order Confirmed	0211a3f9	24
518	520.00	2	2024-03-02 12:03:51.454732+05:30	Order Confirmed	0211a3f9	21
514	1200.00	1	2024-03-02 12:06:11.045472+05:30	Cancelled	0211a3f9	18
519	320.00	2	2024-03-02 12:10:38.803644+05:30	Order Confirmed	a05f598f	38
520	1600.00	4	2024-03-02 12:10:38.819844+05:30	Order Confirmed	a05f598f	37
521	960.00	4	2024-03-02 12:11:14.648778+05:30	Cancelled	a05f598f	39
\.


--
-- Data for Name: user_products_brands; Type: TABLE DATA; Schema: public; Owner: postgres
--

COPY public.user_products_brands (id, name, is_listed) FROM stdin;
2	Blade	t
3	E-Flite	t
4	Losi	t
5	Pro-ride	t
1	Arrma	t
\.


--
-- Data for Name: user_products_category; Type: TABLE DATA; Schema: public; Owner: postgres
--

COPY public.user_products_category (id, name, is_listed) FROM stdin;
1	Plane	t
5	Bikes	t
3	Boat	t
4	Cars	t
\.


--
-- Data for Name: user_products_colorvarient; Type: TABLE DATA; Schema: public; Owner: postgres
--

COPY public.user_products_colorvarient (id, color, quantity, price, is_listed, product_offer, product_id, category_offer) FROM stdin;
24	Red	90	300	t	30.00	25	0.00
21	Red	92	260	t	0.00	23	0.00
18	Black	99	1200	t	0.00	22	0.00
38	Yellow	78	400	t	60.00	46	60.00
37	Yellow	79	1000	t	0.00	45	60.00
39	Cream	52	600	t	0.00	47	60.00
10	Orange	99	1200	t	40.00	22	0.00
31	Green	89	800	t	20.00	42	0.00
27	Red	97	359	t	40.00	29	0.00
22	Green	100	230	t	60.00	23	0.00
20	Blue	100	250	t	0.00	23	0.00
26	White	100	300	t	0.00	26	60.00
28	Green	99	350	t	0.00	29	0.00
33	Red	92	900	t	0.00	43	0.00
25	Blue	96	310	t	0.00	25	0.00
34	Purple	98	900	t	0.00	43	0.00
36	Red	82	300	t	70.00	44	60.00
35	Green	62	900	t	0.00	43	0.00
32	Blue	80	800	t	0.00	42	0.00
16	White	98	379	t	30.00	21	60.00
23	White	98	499	t	0.00	24	60.00
\.


--
-- Data for Name: user_products_image; Type: TABLE DATA; Schema: public; Owner: postgres
--

COPY public.user_products_image (id, image, variant_id) FROM stdin;
1	product_images/167380.jpg	\N
2	product_images/cropped-5120-2880-1143289.jpg	\N
3	product_images/167380_6v3FqUQ.jpg	\N
4	product_images/cropped-5120-2880-1143289_lz7XXmv.jpg	\N
5	product_images/czinger_21c_lightweight_track_2020_4k_8k-7680x4320.jpg	\N
6	product_images/ARA7617V2T1_A00_0842W7EZ.jpg	\N
7	product_images/ARA7617V2T1_A01_0842W7EZ.jpg	\N
8	product_images/ARA7617V2T1_A02_0842W7EZ.jpg	\N
38	product_images/1_wXD6N0e.jpg	20
39	product_images/2_gxieUwB.jpg	20
40	product_images/3_lhza0RL.jpg	20
44	product_images/1_IRk9x35.jpg	16
45	product_images/2_G15xfmw.jpg	16
46	product_images/3_upYLzAS.jpg	16
52	product_images/ARA7617V2T2_A00_JTCQ3FHK_jy6wKAQ.jpg	10
53	product_images/1_uPpkF4B.jpg	18
54	product_images/2_SnRl1vt.jpg	18
55	product_images/3_iXSPaDW.jpg	18
56	product_images/1_YFI0TlW.jpg	21
57	product_images/2_dzY1Lx0.jpg	21
58	product_images/3_OdjFGVW.jpg	21
59	product_images/1_7uffS6X.jpg	22
60	product_images/2_0SbpGO9.jpg	22
61	product_images/3_6LrQ7qG.jpg	22
62	product_images/1_wtySU3T.jpg	23
63	product_images/2_KHeUt4D.jpg	23
64	product_images/3_cOb8GMG.jpg	23
65	product_images/1_rMU7bAT.jpg	24
66	product_images/2_2x4X6yB.jpg	24
67	product_images/3_HjpVD4Y.jpg	24
68	product_images/1_Ad5smuM.jpg	25
69	product_images/2_QieqFNq.jpg	25
70	product_images/3_7zm4XPh.jpg	25
71	product_images/1_vVhRGS5.jpg	26
72	product_images/2_9e4Tus2.jpg	26
73	product_images/3_sIKdcbL.jpg	26
74	product_images/1_6XwBC89.jpg	27
75	product_images/2_0oomYKr.jpg	27
76	product_images/3_pKEkOQI.jpg	27
77	product_images/1_8rQckOA.jpg	28
78	product_images/2_UJBhHWV.jpg	28
79	product_images/3_zYnA5g1.jpg	28
84	product_images/1_uBnw143.jpg	31
85	product_images/2_3A4GT7k.jpg	31
86	product_images/3_yBS6G3X.jpg	31
87	product_images/1_HWvNsND.jpg	32
88	product_images/2_fwswmJ3.jpg	32
89	product_images/3_SJZPRbV.jpg	32
90	product_images/1_fWXF41d.jpg	33
91	product_images/2_QIo6inw.jpg	33
92	product_images/3_HHAZ77u.jpg	33
93	product_images/1_9KBGlLG.jpg	34
94	product_images/2_ae9GBVh.jpg	34
95	product_images/3_RkpGA6H.jpg	34
96	product_images/1_2z2NVbO.jpg	35
97	product_images/2_hYcrBNf.jpg	35
98	product_images/3_ugBLKle.jpg	35
99	product_images/1_kx3njMT.jpg	36
100	product_images/2_l7NW66T.jpg	36
101	product_images/3_YjbjcEC.jpg	36
102	product_images/1_qTfW40R.jpg	37
103	product_images/2_uLx0x3P.jpg	37
104	product_images/3_7yB5QQ3.jpg	37
105	product_images/1_JokeDOy.jpg	38
106	product_images/2_KsIrpCW.jpg	38
107	product_images/3_Yuaap51.jpg	38
108	product_images/1_7dtSdAZ.jpg	39
109	product_images/2_jogaRu9.jpg	39
110	product_images/3_VTsrgI4.jpg	39
\.


--
-- Data for Name: user_products_products; Type: TABLE DATA; Schema: public; Owner: postgres
--

COPY public.user_products_products (id, products_name, description, is_listed, brand_id_id, category_id_id) FROM stdin;
25	Promoto	RC Bike	t	4	5
26	Fusion	RC Helicopter	t	2	1
29	Lucas	RC Boat	t	5	3
42	Vendetta	Sport RC Car	t	1	4
43	Vorteks	RC Offroad Rally Car	t	1	4
44	Helicopter 150-FX	RC Helicopter	t	2	1
45	Rafale	RC Plane	t	3	1
46	T-28	RC Plane	t	3	1
47	UMX	RC Plane	t	3	1
24	F-16	plane	t	3	1
23	Granite	Nice	t	1	4
22	Felony-6S	This our new 1:7 scale RC Car from Arrma	t	1	4
21	Habu	The	t	3	1
\.


--
-- Data for Name: user_profile_address; Type: TABLE DATA; Schema: public; Owner: postgres
--

COPY public.user_profile_address (id, name, phone, street_address, city, state, pin_code, is_present, user_id) FROM stdin;
45	Nijith	7845128956	Valiyaparambath	Calicut	Kerala	673008	t	129
46	Sinan	7418527896	Unniyal	Palakkad	Kerala	673100	t	129
47	Favas	7845128956	KannurKing	Kochi	Kerala	673008	t	130
\.


--
-- Data for Name: user_review_review; Type: TABLE DATA; Schema: public; Owner: postgres
--

COPY public.user_review_review (id, review, rating, user_id, variant_id) FROM stdin;
\.


--
-- Data for Name: user_wallet_wallet; Type: TABLE DATA; Schema: public; Owner: postgres
--

COPY public.user_wallet_wallet (id, date, transaction_details, transaction_type, transaction_amount, balance_amount, user_id) FROM stdin;
81	2024-03-02 05:30:00+05:30	Added Money through RazorPay	Credit	20000.00	20000.00	129
82	2024-03-02 05:30:00+05:30	Purchased for Rs.2842.00	Debit	20000.00	17158.00	129
83	2024-03-02 05:30:00+05:30	Recieved Money through Order Cancel	Credit	1200.00	18358.00	129
84	2024-03-02 05:30:00+05:30	Added Money through RazorPay	Credit	10000.00	10000.00	130
85	2024-03-02 05:30:00+05:30	Purchased for Rs.2880.00	Debit	10000.00	7120.00	130
86	2024-03-02 05:30:00+05:30	Recieved Money through Order Cancel	Credit	3840.00	10960.00	130
\.


--
-- Name: account_emailaddress_id_seq; Type: SEQUENCE SET; Schema: public; Owner: postgres
--

SELECT pg_catalog.setval('public.account_emailaddress_id_seq', 20, true);


--
-- Name: account_emailconfirmation_id_seq; Type: SEQUENCE SET; Schema: public; Owner: postgres
--

SELECT pg_catalog.setval('public.account_emailconfirmation_id_seq', 1, false);


--
-- Name: admin_side_baners_id_seq; Type: SEQUENCE SET; Schema: public; Owner: postgres
--

SELECT pg_catalog.setval('public.admin_side_baners_id_seq', 10, true);


--
-- Name: auth_group_id_seq; Type: SEQUENCE SET; Schema: public; Owner: postgres
--

SELECT pg_catalog.setval('public.auth_group_id_seq', 1, false);


--
-- Name: auth_group_permissions_id_seq; Type: SEQUENCE SET; Schema: public; Owner: postgres
--

SELECT pg_catalog.setval('public.auth_group_permissions_id_seq', 1, false);


--
-- Name: auth_permission_id_seq; Type: SEQUENCE SET; Schema: public; Owner: postgres
--

SELECT pg_catalog.setval('public.auth_permission_id_seq', 108, true);


--
-- Name: django_admin_log_id_seq; Type: SEQUENCE SET; Schema: public; Owner: postgres
--

SELECT pg_catalog.setval('public.django_admin_log_id_seq', 537, true);


--
-- Name: django_content_type_id_seq; Type: SEQUENCE SET; Schema: public; Owner: postgres
--

SELECT pg_catalog.setval('public.django_content_type_id_seq', 26, true);


--
-- Name: django_migrations_id_seq; Type: SEQUENCE SET; Schema: public; Owner: postgres
--

SELECT pg_catalog.setval('public.django_migrations_id_seq', 59, true);


--
-- Name: django_site_id_seq; Type: SEQUENCE SET; Schema: public; Owner: postgres
--

SELECT pg_catalog.setval('public.django_site_id_seq', 5, true);


--
-- Name: socialaccount_socialaccount_id_seq; Type: SEQUENCE SET; Schema: public; Owner: postgres
--

SELECT pg_catalog.setval('public.socialaccount_socialaccount_id_seq', 20, true);


--
-- Name: socialaccount_socialapp_id_seq; Type: SEQUENCE SET; Schema: public; Owner: postgres
--

SELECT pg_catalog.setval('public.socialaccount_socialapp_id_seq', 1, true);


--
-- Name: socialaccount_socialapp_sites_id_seq; Type: SEQUENCE SET; Schema: public; Owner: postgres
--

SELECT pg_catalog.setval('public.socialaccount_socialapp_sites_id_seq', 3, true);


--
-- Name: socialaccount_socialtoken_id_seq; Type: SEQUENCE SET; Schema: public; Owner: postgres
--

SELECT pg_catalog.setval('public.socialaccount_socialtoken_id_seq', 1, false);


--
-- Name: user_authentication_customuser_groups_id_seq; Type: SEQUENCE SET; Schema: public; Owner: postgres
--

SELECT pg_catalog.setval('public.user_authentication_customuser_groups_id_seq', 1, false);


--
-- Name: user_authentication_customuser_id_seq; Type: SEQUENCE SET; Schema: public; Owner: postgres
--

SELECT pg_catalog.setval('public.user_authentication_customuser_id_seq', 130, true);


--
-- Name: user_authentication_customuser_user_permissions_id_seq; Type: SEQUENCE SET; Schema: public; Owner: postgres
--

SELECT pg_catalog.setval('public.user_authentication_customuser_user_permissions_id_seq', 1, false);


--
-- Name: user_cart_cart_id_seq; Type: SEQUENCE SET; Schema: public; Owner: postgres
--

SELECT pg_catalog.setval('public.user_cart_cart_id_seq', 537, true);


--
-- Name: user_coupon_coupon_id_seq; Type: SEQUENCE SET; Schema: public; Owner: postgres
--

SELECT pg_catalog.setval('public.user_coupon_coupon_id_seq', 26, true);


--
-- Name: user_coupon_couponusage_id_seq; Type: SEQUENCE SET; Schema: public; Owner: postgres
--

SELECT pg_catalog.setval('public.user_coupon_couponusage_id_seq', 124, true);


--
-- Name: user_order_orderitem_id_seq; Type: SEQUENCE SET; Schema: public; Owner: postgres
--

SELECT pg_catalog.setval('public.user_order_orderitem_id_seq', 551, true);


--
-- Name: user_products_brands_id_seq; Type: SEQUENCE SET; Schema: public; Owner: postgres
--

SELECT pg_catalog.setval('public.user_products_brands_id_seq', 12, true);


--
-- Name: user_products_category_id_seq; Type: SEQUENCE SET; Schema: public; Owner: postgres
--

SELECT pg_catalog.setval('public.user_products_category_id_seq', 9, true);


--
-- Name: user_products_colorvarient_id_seq; Type: SEQUENCE SET; Schema: public; Owner: postgres
--

SELECT pg_catalog.setval('public.user_products_colorvarient_id_seq', 39, true);


--
-- Name: user_products_image_id_seq; Type: SEQUENCE SET; Schema: public; Owner: postgres
--

SELECT pg_catalog.setval('public.user_products_image_id_seq', 110, true);


--
-- Name: user_products_products_id_seq; Type: SEQUENCE SET; Schema: public; Owner: postgres
--

SELECT pg_catalog.setval('public.user_products_products_id_seq', 47, true);


--
-- Name: user_profile_address_id_seq; Type: SEQUENCE SET; Schema: public; Owner: postgres
--

SELECT pg_catalog.setval('public.user_profile_address_id_seq', 47, true);


--
-- Name: user_review_review_id_seq; Type: SEQUENCE SET; Schema: public; Owner: postgres
--

SELECT pg_catalog.setval('public.user_review_review_id_seq', 183, true);


--
-- Name: user_wallet_wallet_id_seq; Type: SEQUENCE SET; Schema: public; Owner: postgres
--

SELECT pg_catalog.setval('public.user_wallet_wallet_id_seq', 116, true);


--
-- Name: account_emailaddress account_emailaddress_pkey; Type: CONSTRAINT; Schema: public; Owner: postgres
--

ALTER TABLE ONLY public.account_emailaddress
    ADD CONSTRAINT account_emailaddress_pkey PRIMARY KEY (id);


--
-- Name: account_emailaddress account_emailaddress_user_id_email_987c8728_uniq; Type: CONSTRAINT; Schema: public; Owner: postgres
--

ALTER TABLE ONLY public.account_emailaddress
    ADD CONSTRAINT account_emailaddress_user_id_email_987c8728_uniq UNIQUE (user_id, email);


--
-- Name: account_emailconfirmation account_emailconfirmation_key_key; Type: CONSTRAINT; Schema: public; Owner: postgres
--

ALTER TABLE ONLY public.account_emailconfirmation
    ADD CONSTRAINT account_emailconfirmation_key_key UNIQUE (key);


--
-- Name: account_emailconfirmation account_emailconfirmation_pkey; Type: CONSTRAINT; Schema: public; Owner: postgres
--

ALTER TABLE ONLY public.account_emailconfirmation
    ADD CONSTRAINT account_emailconfirmation_pkey PRIMARY KEY (id);


--
-- Name: admin_side_banner admin_side_baners_pkey; Type: CONSTRAINT; Schema: public; Owner: postgres
--

ALTER TABLE ONLY public.admin_side_banner
    ADD CONSTRAINT admin_side_baners_pkey PRIMARY KEY (id);


--
-- Name: auth_group auth_group_name_key; Type: CONSTRAINT; Schema: public; Owner: postgres
--

ALTER TABLE ONLY public.auth_group
    ADD CONSTRAINT auth_group_name_key UNIQUE (name);


--
-- Name: auth_group_permissions auth_group_permissions_group_id_permission_id_0cd325b0_uniq; Type: CONSTRAINT; Schema: public; Owner: postgres
--

ALTER TABLE ONLY public.auth_group_permissions
    ADD CONSTRAINT auth_group_permissions_group_id_permission_id_0cd325b0_uniq UNIQUE (group_id, permission_id);


--
-- Name: auth_group_permissions auth_group_permissions_pkey; Type: CONSTRAINT; Schema: public; Owner: postgres
--

ALTER TABLE ONLY public.auth_group_permissions
    ADD CONSTRAINT auth_group_permissions_pkey PRIMARY KEY (id);


--
-- Name: auth_group auth_group_pkey; Type: CONSTRAINT; Schema: public; Owner: postgres
--

ALTER TABLE ONLY public.auth_group
    ADD CONSTRAINT auth_group_pkey PRIMARY KEY (id);


--
-- Name: auth_permission auth_permission_content_type_id_codename_01ab375a_uniq; Type: CONSTRAINT; Schema: public; Owner: postgres
--

ALTER TABLE ONLY public.auth_permission
    ADD CONSTRAINT auth_permission_content_type_id_codename_01ab375a_uniq UNIQUE (content_type_id, codename);


--
-- Name: auth_permission auth_permission_pkey; Type: CONSTRAINT; Schema: public; Owner: postgres
--

ALTER TABLE ONLY public.auth_permission
    ADD CONSTRAINT auth_permission_pkey PRIMARY KEY (id);


--
-- Name: django_admin_log django_admin_log_pkey; Type: CONSTRAINT; Schema: public; Owner: postgres
--

ALTER TABLE ONLY public.django_admin_log
    ADD CONSTRAINT django_admin_log_pkey PRIMARY KEY (id);


--
-- Name: django_content_type django_content_type_app_label_model_76bd3d3b_uniq; Type: CONSTRAINT; Schema: public; Owner: postgres
--

ALTER TABLE ONLY public.django_content_type
    ADD CONSTRAINT django_content_type_app_label_model_76bd3d3b_uniq UNIQUE (app_label, model);


--
-- Name: django_content_type django_content_type_pkey; Type: CONSTRAINT; Schema: public; Owner: postgres
--

ALTER TABLE ONLY public.django_content_type
    ADD CONSTRAINT django_content_type_pkey PRIMARY KEY (id);


--
-- Name: django_migrations django_migrations_pkey; Type: CONSTRAINT; Schema: public; Owner: postgres
--

ALTER TABLE ONLY public.django_migrations
    ADD CONSTRAINT django_migrations_pkey PRIMARY KEY (id);


--
-- Name: django_session django_session_pkey; Type: CONSTRAINT; Schema: public; Owner: postgres
--

ALTER TABLE ONLY public.django_session
    ADD CONSTRAINT django_session_pkey PRIMARY KEY (session_key);


--
-- Name: django_site django_site_domain_a2e37b91_uniq; Type: CONSTRAINT; Schema: public; Owner: postgres
--

ALTER TABLE ONLY public.django_site
    ADD CONSTRAINT django_site_domain_a2e37b91_uniq UNIQUE (domain);


--
-- Name: django_site django_site_pkey; Type: CONSTRAINT; Schema: public; Owner: postgres
--

ALTER TABLE ONLY public.django_site
    ADD CONSTRAINT django_site_pkey PRIMARY KEY (id);


--
-- Name: socialaccount_socialaccount socialaccount_socialaccount_pkey; Type: CONSTRAINT; Schema: public; Owner: postgres
--

ALTER TABLE ONLY public.socialaccount_socialaccount
    ADD CONSTRAINT socialaccount_socialaccount_pkey PRIMARY KEY (id);


--
-- Name: socialaccount_socialaccount socialaccount_socialaccount_provider_uid_fc810c6e_uniq; Type: CONSTRAINT; Schema: public; Owner: postgres
--

ALTER TABLE ONLY public.socialaccount_socialaccount
    ADD CONSTRAINT socialaccount_socialaccount_provider_uid_fc810c6e_uniq UNIQUE (provider, uid);


--
-- Name: socialaccount_socialapp_sites socialaccount_socialapp__socialapp_id_site_id_71a9a768_uniq; Type: CONSTRAINT; Schema: public; Owner: postgres
--

ALTER TABLE ONLY public.socialaccount_socialapp_sites
    ADD CONSTRAINT socialaccount_socialapp__socialapp_id_site_id_71a9a768_uniq UNIQUE (socialapp_id, site_id);


--
-- Name: socialaccount_socialapp socialaccount_socialapp_pkey; Type: CONSTRAINT; Schema: public; Owner: postgres
--

ALTER TABLE ONLY public.socialaccount_socialapp
    ADD CONSTRAINT socialaccount_socialapp_pkey PRIMARY KEY (id);


--
-- Name: socialaccount_socialapp_sites socialaccount_socialapp_sites_pkey; Type: CONSTRAINT; Schema: public; Owner: postgres
--

ALTER TABLE ONLY public.socialaccount_socialapp_sites
    ADD CONSTRAINT socialaccount_socialapp_sites_pkey PRIMARY KEY (id);


--
-- Name: socialaccount_socialtoken socialaccount_socialtoken_app_id_account_id_fca4e0ac_uniq; Type: CONSTRAINT; Schema: public; Owner: postgres
--

ALTER TABLE ONLY public.socialaccount_socialtoken
    ADD CONSTRAINT socialaccount_socialtoken_app_id_account_id_fca4e0ac_uniq UNIQUE (app_id, account_id);


--
-- Name: socialaccount_socialtoken socialaccount_socialtoken_pkey; Type: CONSTRAINT; Schema: public; Owner: postgres
--

ALTER TABLE ONLY public.socialaccount_socialtoken
    ADD CONSTRAINT socialaccount_socialtoken_pkey PRIMARY KEY (id);


--
-- Name: user_authentication_customuser_groups user_authentication_cust_customuser_id_group_id_1aee0ff6_uniq; Type: CONSTRAINT; Schema: public; Owner: postgres
--

ALTER TABLE ONLY public.user_authentication_customuser_groups
    ADD CONSTRAINT user_authentication_cust_customuser_id_group_id_1aee0ff6_uniq UNIQUE (customuser_id, group_id);


--
-- Name: user_authentication_customuser_user_permissions user_authentication_cust_customuser_id_permission_aa2a79c6_uniq; Type: CONSTRAINT; Schema: public; Owner: postgres
--

ALTER TABLE ONLY public.user_authentication_customuser_user_permissions
    ADD CONSTRAINT user_authentication_cust_customuser_id_permission_aa2a79c6_uniq UNIQUE (customuser_id, permission_id);


--
-- Name: user_authentication_customuser user_authentication_customuser_email_key; Type: CONSTRAINT; Schema: public; Owner: postgres
--

ALTER TABLE ONLY public.user_authentication_customuser
    ADD CONSTRAINT user_authentication_customuser_email_key UNIQUE (email);


--
-- Name: user_authentication_customuser_groups user_authentication_customuser_groups_pkey; Type: CONSTRAINT; Schema: public; Owner: postgres
--

ALTER TABLE ONLY public.user_authentication_customuser_groups
    ADD CONSTRAINT user_authentication_customuser_groups_pkey PRIMARY KEY (id);


--
-- Name: user_authentication_customuser user_authentication_customuser_pkey; Type: CONSTRAINT; Schema: public; Owner: postgres
--

ALTER TABLE ONLY public.user_authentication_customuser
    ADD CONSTRAINT user_authentication_customuser_pkey PRIMARY KEY (id);


--
-- Name: user_authentication_customuser_user_permissions user_authentication_customuser_user_permissions_pkey; Type: CONSTRAINT; Schema: public; Owner: postgres
--

ALTER TABLE ONLY public.user_authentication_customuser_user_permissions
    ADD CONSTRAINT user_authentication_customuser_user_permissions_pkey PRIMARY KEY (id);


--
-- Name: user_authentication_customuser user_authentication_customuser_username_key; Type: CONSTRAINT; Schema: public; Owner: postgres
--

ALTER TABLE ONLY public.user_authentication_customuser
    ADD CONSTRAINT user_authentication_customuser_username_key UNIQUE (username);


--
-- Name: user_cart_cart user_cart_cart_pkey; Type: CONSTRAINT; Schema: public; Owner: postgres
--

ALTER TABLE ONLY public.user_cart_cart
    ADD CONSTRAINT user_cart_cart_pkey PRIMARY KEY (id);


--
-- Name: user_coupon_coupon user_coupon_coupon_code_key; Type: CONSTRAINT; Schema: public; Owner: postgres
--

ALTER TABLE ONLY public.user_coupon_coupon
    ADD CONSTRAINT user_coupon_coupon_code_key UNIQUE (code);


--
-- Name: user_coupon_coupon user_coupon_coupon_pkey; Type: CONSTRAINT; Schema: public; Owner: postgres
--

ALTER TABLE ONLY public.user_coupon_coupon
    ADD CONSTRAINT user_coupon_coupon_pkey PRIMARY KEY (id);


--
-- Name: user_coupon_couponusage user_coupon_couponusage_pkey; Type: CONSTRAINT; Schema: public; Owner: postgres
--

ALTER TABLE ONLY public.user_coupon_couponusage
    ADD CONSTRAINT user_coupon_couponusage_pkey PRIMARY KEY (id);


--
-- Name: user_order_order user_order_order_pkey; Type: CONSTRAINT; Schema: public; Owner: postgres
--

ALTER TABLE ONLY public.user_order_order
    ADD CONSTRAINT user_order_order_pkey PRIMARY KEY (order_id);


--
-- Name: user_order_orderitem user_order_orderitem_pkey; Type: CONSTRAINT; Schema: public; Owner: postgres
--

ALTER TABLE ONLY public.user_order_orderitem
    ADD CONSTRAINT user_order_orderitem_pkey PRIMARY KEY (id);


--
-- Name: user_products_brands user_products_brands_pkey; Type: CONSTRAINT; Schema: public; Owner: postgres
--

ALTER TABLE ONLY public.user_products_brands
    ADD CONSTRAINT user_products_brands_pkey PRIMARY KEY (id);


--
-- Name: user_products_category user_products_category_pkey; Type: CONSTRAINT; Schema: public; Owner: postgres
--

ALTER TABLE ONLY public.user_products_category
    ADD CONSTRAINT user_products_category_pkey PRIMARY KEY (id);


--
-- Name: user_products_colorvarient user_products_colorvarient_pkey; Type: CONSTRAINT; Schema: public; Owner: postgres
--

ALTER TABLE ONLY public.user_products_colorvarient
    ADD CONSTRAINT user_products_colorvarient_pkey PRIMARY KEY (id);


--
-- Name: user_products_image user_products_image_pkey; Type: CONSTRAINT; Schema: public; Owner: postgres
--

ALTER TABLE ONLY public.user_products_image
    ADD CONSTRAINT user_products_image_pkey PRIMARY KEY (id);


--
-- Name: user_products_products user_products_products_pkey; Type: CONSTRAINT; Schema: public; Owner: postgres
--

ALTER TABLE ONLY public.user_products_products
    ADD CONSTRAINT user_products_products_pkey PRIMARY KEY (id);


--
-- Name: user_profile_address user_profile_address_pkey; Type: CONSTRAINT; Schema: public; Owner: postgres
--

ALTER TABLE ONLY public.user_profile_address
    ADD CONSTRAINT user_profile_address_pkey PRIMARY KEY (id);


--
-- Name: user_review_review user_review_review_pkey; Type: CONSTRAINT; Schema: public; Owner: postgres
--

ALTER TABLE ONLY public.user_review_review
    ADD CONSTRAINT user_review_review_pkey PRIMARY KEY (id);


--
-- Name: user_wallet_wallet user_wallet_wallet_pkey; Type: CONSTRAINT; Schema: public; Owner: postgres
--

ALTER TABLE ONLY public.user_wallet_wallet
    ADD CONSTRAINT user_wallet_wallet_pkey PRIMARY KEY (id);


--
-- Name: account_emailaddress_upper; Type: INDEX; Schema: public; Owner: postgres
--

CREATE INDEX account_emailaddress_upper ON public.account_emailaddress USING btree (upper((email)::text));


--
-- Name: account_emailaddress_user_id_2c513194; Type: INDEX; Schema: public; Owner: postgres
--

CREATE INDEX account_emailaddress_user_id_2c513194 ON public.account_emailaddress USING btree (user_id);


--
-- Name: account_emailconfirmation_email_address_id_5b7f8c58; Type: INDEX; Schema: public; Owner: postgres
--

CREATE INDEX account_emailconfirmation_email_address_id_5b7f8c58 ON public.account_emailconfirmation USING btree (email_address_id);


--
-- Name: account_emailconfirmation_key_f43612bd_like; Type: INDEX; Schema: public; Owner: postgres
--

CREATE INDEX account_emailconfirmation_key_f43612bd_like ON public.account_emailconfirmation USING btree (key varchar_pattern_ops);


--
-- Name: admin_side_baners_variant_id_5be0df3f; Type: INDEX; Schema: public; Owner: postgres
--

CREATE INDEX admin_side_baners_variant_id_5be0df3f ON public.admin_side_banner USING btree (variant_id);


--
-- Name: auth_group_name_a6ea08ec_like; Type: INDEX; Schema: public; Owner: postgres
--

CREATE INDEX auth_group_name_a6ea08ec_like ON public.auth_group USING btree (name varchar_pattern_ops);


--
-- Name: auth_group_permissions_group_id_b120cbf9; Type: INDEX; Schema: public; Owner: postgres
--

CREATE INDEX auth_group_permissions_group_id_b120cbf9 ON public.auth_group_permissions USING btree (group_id);


--
-- Name: auth_group_permissions_permission_id_84c5c92e; Type: INDEX; Schema: public; Owner: postgres
--

CREATE INDEX auth_group_permissions_permission_id_84c5c92e ON public.auth_group_permissions USING btree (permission_id);


--
-- Name: auth_permission_content_type_id_2f476e4b; Type: INDEX; Schema: public; Owner: postgres
--

CREATE INDEX auth_permission_content_type_id_2f476e4b ON public.auth_permission USING btree (content_type_id);


--
-- Name: django_admin_log_content_type_id_c4bce8eb; Type: INDEX; Schema: public; Owner: postgres
--

CREATE INDEX django_admin_log_content_type_id_c4bce8eb ON public.django_admin_log USING btree (content_type_id);


--
-- Name: django_admin_log_user_id_c564eba6; Type: INDEX; Schema: public; Owner: postgres
--

CREATE INDEX django_admin_log_user_id_c564eba6 ON public.django_admin_log USING btree (user_id);


--
-- Name: django_session_expire_date_a5c62663; Type: INDEX; Schema: public; Owner: postgres
--

CREATE INDEX django_session_expire_date_a5c62663 ON public.django_session USING btree (expire_date);


--
-- Name: django_session_session_key_c0390e0f_like; Type: INDEX; Schema: public; Owner: postgres
--

CREATE INDEX django_session_session_key_c0390e0f_like ON public.django_session USING btree (session_key varchar_pattern_ops);


--
-- Name: django_site_domain_a2e37b91_like; Type: INDEX; Schema: public; Owner: postgres
--

CREATE INDEX django_site_domain_a2e37b91_like ON public.django_site USING btree (domain varchar_pattern_ops);


--
-- Name: socialaccount_socialaccount_user_id_8146e70c; Type: INDEX; Schema: public; Owner: postgres
--

CREATE INDEX socialaccount_socialaccount_user_id_8146e70c ON public.socialaccount_socialaccount USING btree (user_id);


--
-- Name: socialaccount_socialapp_sites_site_id_2579dee5; Type: INDEX; Schema: public; Owner: postgres
--

CREATE INDEX socialaccount_socialapp_sites_site_id_2579dee5 ON public.socialaccount_socialapp_sites USING btree (site_id);


--
-- Name: socialaccount_socialapp_sites_socialapp_id_97fb6e7d; Type: INDEX; Schema: public; Owner: postgres
--

CREATE INDEX socialaccount_socialapp_sites_socialapp_id_97fb6e7d ON public.socialaccount_socialapp_sites USING btree (socialapp_id);


--
-- Name: socialaccount_socialtoken_account_id_951f210e; Type: INDEX; Schema: public; Owner: postgres
--

CREATE INDEX socialaccount_socialtoken_account_id_951f210e ON public.socialaccount_socialtoken USING btree (account_id);


--
-- Name: socialaccount_socialtoken_app_id_636a42d7; Type: INDEX; Schema: public; Owner: postgres
--

CREATE INDEX socialaccount_socialtoken_app_id_636a42d7 ON public.socialaccount_socialtoken USING btree (app_id);


--
-- Name: unique_verified_email; Type: INDEX; Schema: public; Owner: postgres
--

CREATE UNIQUE INDEX unique_verified_email ON public.account_emailaddress USING btree (email) WHERE verified;


--
-- Name: user_authentication_custom_customuser_id_ca8997b0; Type: INDEX; Schema: public; Owner: postgres
--

CREATE INDEX user_authentication_custom_customuser_id_ca8997b0 ON public.user_authentication_customuser_user_permissions USING btree (customuser_id);


--
-- Name: user_authentication_custom_permission_id_3ab8b24a; Type: INDEX; Schema: public; Owner: postgres
--

CREATE INDEX user_authentication_custom_permission_id_3ab8b24a ON public.user_authentication_customuser_user_permissions USING btree (permission_id);


--
-- Name: user_authentication_customuser_email_5147c752_like; Type: INDEX; Schema: public; Owner: postgres
--

CREATE INDEX user_authentication_customuser_email_5147c752_like ON public.user_authentication_customuser USING btree (email varchar_pattern_ops);


--
-- Name: user_authentication_customuser_groups_customuser_id_41ff090d; Type: INDEX; Schema: public; Owner: postgres
--

CREATE INDEX user_authentication_customuser_groups_customuser_id_41ff090d ON public.user_authentication_customuser_groups USING btree (customuser_id);


--
-- Name: user_authentication_customuser_groups_group_id_fd1e6c88; Type: INDEX; Schema: public; Owner: postgres
--

CREATE INDEX user_authentication_customuser_groups_group_id_fd1e6c88 ON public.user_authentication_customuser_groups USING btree (group_id);


--
-- Name: user_authentication_customuser_username_3298d667_like; Type: INDEX; Schema: public; Owner: postgres
--

CREATE INDEX user_authentication_customuser_username_3298d667_like ON public.user_authentication_customuser USING btree (username varchar_pattern_ops);


--
-- Name: user_cart_cart_product_id_7d9b069e; Type: INDEX; Schema: public; Owner: postgres
--

CREATE INDEX user_cart_cart_product_id_7d9b069e ON public.user_cart_cart USING btree (product_id);


--
-- Name: user_cart_cart_user_id_47908d1f; Type: INDEX; Schema: public; Owner: postgres
--

CREATE INDEX user_cart_cart_user_id_47908d1f ON public.user_cart_cart USING btree (user_id);


--
-- Name: user_coupon_coupon_code_a3f75382_like; Type: INDEX; Schema: public; Owner: postgres
--

CREATE INDEX user_coupon_coupon_code_a3f75382_like ON public.user_coupon_coupon USING btree (code varchar_pattern_ops);


--
-- Name: user_coupon_couponusage_coupon_id_4927a1bf; Type: INDEX; Schema: public; Owner: postgres
--

CREATE INDEX user_coupon_couponusage_coupon_id_4927a1bf ON public.user_coupon_couponusage USING btree (coupon_id);


--
-- Name: user_coupon_couponusage_user_id_d436184e; Type: INDEX; Schema: public; Owner: postgres
--

CREATE INDEX user_coupon_couponusage_user_id_d436184e ON public.user_coupon_couponusage USING btree (user_id);


--
-- Name: user_order_order_address_id_d1cac188; Type: INDEX; Schema: public; Owner: postgres
--

CREATE INDEX user_order_order_address_id_d1cac188 ON public.user_order_order USING btree (address_id);


--
-- Name: user_order_order_applied_coupon_id_a6c688f8; Type: INDEX; Schema: public; Owner: postgres
--

CREATE INDEX user_order_order_applied_coupon_id_a6c688f8 ON public.user_order_order USING btree (applied_coupon_id);


--
-- Name: user_order_order_applied_offer_id_f3d7d503; Type: INDEX; Schema: public; Owner: postgres
--

CREATE INDEX user_order_order_applied_offer_id_f3d7d503 ON public.user_order_order USING btree (applied_offer_id);


--
-- Name: user_order_order_order_id_ebf7d02e_like; Type: INDEX; Schema: public; Owner: postgres
--

CREATE INDEX user_order_order_order_id_ebf7d02e_like ON public.user_order_order USING btree (order_id varchar_pattern_ops);


--
-- Name: user_order_order_user_id_3ea43df3; Type: INDEX; Schema: public; Owner: postgres
--

CREATE INDEX user_order_order_user_id_3ea43df3 ON public.user_order_order USING btree (user_id);


--
-- Name: user_order_orderitem_order_id_bff4e53b; Type: INDEX; Schema: public; Owner: postgres
--

CREATE INDEX user_order_orderitem_order_id_bff4e53b ON public.user_order_orderitem USING btree (order_id);


--
-- Name: user_order_orderitem_order_id_bff4e53b_like; Type: INDEX; Schema: public; Owner: postgres
--

CREATE INDEX user_order_orderitem_order_id_bff4e53b_like ON public.user_order_orderitem USING btree (order_id varchar_pattern_ops);


--
-- Name: user_order_orderitem_variant_id_7b09fd56; Type: INDEX; Schema: public; Owner: postgres
--

CREATE INDEX user_order_orderitem_variant_id_7b09fd56 ON public.user_order_orderitem USING btree (variant_id);


--
-- Name: user_products_colorvarient_product_id_d75d96cb; Type: INDEX; Schema: public; Owner: postgres
--

CREATE INDEX user_products_colorvarient_product_id_d75d96cb ON public.user_products_colorvarient USING btree (product_id);


--
-- Name: user_products_image_variant_id_dfb96cce; Type: INDEX; Schema: public; Owner: postgres
--

CREATE INDEX user_products_image_variant_id_dfb96cce ON public.user_products_image USING btree (variant_id);


--
-- Name: user_products_products_brand_id_id_8d5da10e; Type: INDEX; Schema: public; Owner: postgres
--

CREATE INDEX user_products_products_brand_id_id_8d5da10e ON public.user_products_products USING btree (brand_id_id);


--
-- Name: user_products_products_category_id_id_c29dbfa4; Type: INDEX; Schema: public; Owner: postgres
--

CREATE INDEX user_products_products_category_id_id_c29dbfa4 ON public.user_products_products USING btree (category_id_id);


--
-- Name: user_profile_address_user_id_1edf69b6; Type: INDEX; Schema: public; Owner: postgres
--

CREATE INDEX user_profile_address_user_id_1edf69b6 ON public.user_profile_address USING btree (user_id);


--
-- Name: user_review_review_user_id_ce2ade48; Type: INDEX; Schema: public; Owner: postgres
--

CREATE INDEX user_review_review_user_id_ce2ade48 ON public.user_review_review USING btree (user_id);


--
-- Name: user_review_review_variant_id_d06d0118; Type: INDEX; Schema: public; Owner: postgres
--

CREATE INDEX user_review_review_variant_id_d06d0118 ON public.user_review_review USING btree (variant_id);


--
-- Name: user_wallet_wallet_user_id_81a6d510; Type: INDEX; Schema: public; Owner: postgres
--

CREATE INDEX user_wallet_wallet_user_id_81a6d510 ON public.user_wallet_wallet USING btree (user_id);


--
-- Name: account_emailaddress account_emailaddress_user_id_2c513194_fk_user_auth; Type: FK CONSTRAINT; Schema: public; Owner: postgres
--

ALTER TABLE ONLY public.account_emailaddress
    ADD CONSTRAINT account_emailaddress_user_id_2c513194_fk_user_auth FOREIGN KEY (user_id) REFERENCES public.user_authentication_customuser(id) DEFERRABLE INITIALLY DEFERRED;


--
-- Name: account_emailconfirmation account_emailconfirm_email_address_id_5b7f8c58_fk_account_e; Type: FK CONSTRAINT; Schema: public; Owner: postgres
--

ALTER TABLE ONLY public.account_emailconfirmation
    ADD CONSTRAINT account_emailconfirm_email_address_id_5b7f8c58_fk_account_e FOREIGN KEY (email_address_id) REFERENCES public.account_emailaddress(id) DEFERRABLE INITIALLY DEFERRED;


--
-- Name: admin_side_banner admin_side_baners_variant_id_5be0df3f_fk_user_prod; Type: FK CONSTRAINT; Schema: public; Owner: postgres
--

ALTER TABLE ONLY public.admin_side_banner
    ADD CONSTRAINT admin_side_baners_variant_id_5be0df3f_fk_user_prod FOREIGN KEY (variant_id) REFERENCES public.user_products_colorvarient(id) DEFERRABLE INITIALLY DEFERRED;


--
-- Name: auth_group_permissions auth_group_permissio_permission_id_84c5c92e_fk_auth_perm; Type: FK CONSTRAINT; Schema: public; Owner: postgres
--

ALTER TABLE ONLY public.auth_group_permissions
    ADD CONSTRAINT auth_group_permissio_permission_id_84c5c92e_fk_auth_perm FOREIGN KEY (permission_id) REFERENCES public.auth_permission(id) DEFERRABLE INITIALLY DEFERRED;


--
-- Name: auth_group_permissions auth_group_permissions_group_id_b120cbf9_fk_auth_group_id; Type: FK CONSTRAINT; Schema: public; Owner: postgres
--

ALTER TABLE ONLY public.auth_group_permissions
    ADD CONSTRAINT auth_group_permissions_group_id_b120cbf9_fk_auth_group_id FOREIGN KEY (group_id) REFERENCES public.auth_group(id) DEFERRABLE INITIALLY DEFERRED;


--
-- Name: auth_permission auth_permission_content_type_id_2f476e4b_fk_django_co; Type: FK CONSTRAINT; Schema: public; Owner: postgres
--

ALTER TABLE ONLY public.auth_permission
    ADD CONSTRAINT auth_permission_content_type_id_2f476e4b_fk_django_co FOREIGN KEY (content_type_id) REFERENCES public.django_content_type(id) DEFERRABLE INITIALLY DEFERRED;


--
-- Name: django_admin_log django_admin_log_content_type_id_c4bce8eb_fk_django_co; Type: FK CONSTRAINT; Schema: public; Owner: postgres
--

ALTER TABLE ONLY public.django_admin_log
    ADD CONSTRAINT django_admin_log_content_type_id_c4bce8eb_fk_django_co FOREIGN KEY (content_type_id) REFERENCES public.django_content_type(id) DEFERRABLE INITIALLY DEFERRED;


--
-- Name: django_admin_log django_admin_log_user_id_c564eba6_fk_user_auth; Type: FK CONSTRAINT; Schema: public; Owner: postgres
--

ALTER TABLE ONLY public.django_admin_log
    ADD CONSTRAINT django_admin_log_user_id_c564eba6_fk_user_auth FOREIGN KEY (user_id) REFERENCES public.user_authentication_customuser(id) DEFERRABLE INITIALLY DEFERRED;


--
-- Name: socialaccount_socialtoken socialaccount_social_account_id_951f210e_fk_socialacc; Type: FK CONSTRAINT; Schema: public; Owner: postgres
--

ALTER TABLE ONLY public.socialaccount_socialtoken
    ADD CONSTRAINT socialaccount_social_account_id_951f210e_fk_socialacc FOREIGN KEY (account_id) REFERENCES public.socialaccount_socialaccount(id) DEFERRABLE INITIALLY DEFERRED;


--
-- Name: socialaccount_socialtoken socialaccount_social_app_id_636a42d7_fk_socialacc; Type: FK CONSTRAINT; Schema: public; Owner: postgres
--

ALTER TABLE ONLY public.socialaccount_socialtoken
    ADD CONSTRAINT socialaccount_social_app_id_636a42d7_fk_socialacc FOREIGN KEY (app_id) REFERENCES public.socialaccount_socialapp(id) DEFERRABLE INITIALLY DEFERRED;


--
-- Name: socialaccount_socialapp_sites socialaccount_social_site_id_2579dee5_fk_django_si; Type: FK CONSTRAINT; Schema: public; Owner: postgres
--

ALTER TABLE ONLY public.socialaccount_socialapp_sites
    ADD CONSTRAINT socialaccount_social_site_id_2579dee5_fk_django_si FOREIGN KEY (site_id) REFERENCES public.django_site(id) DEFERRABLE INITIALLY DEFERRED;


--
-- Name: socialaccount_socialapp_sites socialaccount_social_socialapp_id_97fb6e7d_fk_socialacc; Type: FK CONSTRAINT; Schema: public; Owner: postgres
--

ALTER TABLE ONLY public.socialaccount_socialapp_sites
    ADD CONSTRAINT socialaccount_social_socialapp_id_97fb6e7d_fk_socialacc FOREIGN KEY (socialapp_id) REFERENCES public.socialaccount_socialapp(id) DEFERRABLE INITIALLY DEFERRED;


--
-- Name: socialaccount_socialaccount socialaccount_social_user_id_8146e70c_fk_user_auth; Type: FK CONSTRAINT; Schema: public; Owner: postgres
--

ALTER TABLE ONLY public.socialaccount_socialaccount
    ADD CONSTRAINT socialaccount_social_user_id_8146e70c_fk_user_auth FOREIGN KEY (user_id) REFERENCES public.user_authentication_customuser(id) DEFERRABLE INITIALLY DEFERRED;


--
-- Name: user_authentication_customuser_groups user_authentication__customuser_id_41ff090d_fk_user_auth; Type: FK CONSTRAINT; Schema: public; Owner: postgres
--

ALTER TABLE ONLY public.user_authentication_customuser_groups
    ADD CONSTRAINT user_authentication__customuser_id_41ff090d_fk_user_auth FOREIGN KEY (customuser_id) REFERENCES public.user_authentication_customuser(id) DEFERRABLE INITIALLY DEFERRED;


--
-- Name: user_authentication_customuser_user_permissions user_authentication__customuser_id_ca8997b0_fk_user_auth; Type: FK CONSTRAINT; Schema: public; Owner: postgres
--

ALTER TABLE ONLY public.user_authentication_customuser_user_permissions
    ADD CONSTRAINT user_authentication__customuser_id_ca8997b0_fk_user_auth FOREIGN KEY (customuser_id) REFERENCES public.user_authentication_customuser(id) DEFERRABLE INITIALLY DEFERRED;


--
-- Name: user_authentication_customuser_groups user_authentication__group_id_fd1e6c88_fk_auth_grou; Type: FK CONSTRAINT; Schema: public; Owner: postgres
--

ALTER TABLE ONLY public.user_authentication_customuser_groups
    ADD CONSTRAINT user_authentication__group_id_fd1e6c88_fk_auth_grou FOREIGN KEY (group_id) REFERENCES public.auth_group(id) DEFERRABLE INITIALLY DEFERRED;


--
-- Name: user_authentication_customuser_user_permissions user_authentication__permission_id_3ab8b24a_fk_auth_perm; Type: FK CONSTRAINT; Schema: public; Owner: postgres
--

ALTER TABLE ONLY public.user_authentication_customuser_user_permissions
    ADD CONSTRAINT user_authentication__permission_id_3ab8b24a_fk_auth_perm FOREIGN KEY (permission_id) REFERENCES public.auth_permission(id) DEFERRABLE INITIALLY DEFERRED;


--
-- Name: user_cart_cart user_cart_cart_product_id_7d9b069e_fk_user_prod; Type: FK CONSTRAINT; Schema: public; Owner: postgres
--

ALTER TABLE ONLY public.user_cart_cart
    ADD CONSTRAINT user_cart_cart_product_id_7d9b069e_fk_user_prod FOREIGN KEY (product_id) REFERENCES public.user_products_colorvarient(id) DEFERRABLE INITIALLY DEFERRED;


--
-- Name: user_cart_cart user_cart_cart_user_id_47908d1f_fk_user_auth; Type: FK CONSTRAINT; Schema: public; Owner: postgres
--

ALTER TABLE ONLY public.user_cart_cart
    ADD CONSTRAINT user_cart_cart_user_id_47908d1f_fk_user_auth FOREIGN KEY (user_id) REFERENCES public.user_authentication_customuser(id) DEFERRABLE INITIALLY DEFERRED;


--
-- Name: user_coupon_couponusage user_coupon_couponus_coupon_id_4927a1bf_fk_user_coup; Type: FK CONSTRAINT; Schema: public; Owner: postgres
--

ALTER TABLE ONLY public.user_coupon_couponusage
    ADD CONSTRAINT user_coupon_couponus_coupon_id_4927a1bf_fk_user_coup FOREIGN KEY (coupon_id) REFERENCES public.user_coupon_coupon(id) DEFERRABLE INITIALLY DEFERRED;


--
-- Name: user_coupon_couponusage user_coupon_couponus_user_id_d436184e_fk_user_auth; Type: FK CONSTRAINT; Schema: public; Owner: postgres
--

ALTER TABLE ONLY public.user_coupon_couponusage
    ADD CONSTRAINT user_coupon_couponus_user_id_d436184e_fk_user_auth FOREIGN KEY (user_id) REFERENCES public.user_authentication_customuser(id) DEFERRABLE INITIALLY DEFERRED;


--
-- Name: user_order_order user_order_order_address_id_d1cac188_fk_user_profile_address_id; Type: FK CONSTRAINT; Schema: public; Owner: postgres
--

ALTER TABLE ONLY public.user_order_order
    ADD CONSTRAINT user_order_order_address_id_d1cac188_fk_user_profile_address_id FOREIGN KEY (address_id) REFERENCES public.user_profile_address(id) DEFERRABLE INITIALLY DEFERRED;


--
-- Name: user_order_order user_order_order_applied_coupon_id_a6c688f8_fk_user_coup; Type: FK CONSTRAINT; Schema: public; Owner: postgres
--

ALTER TABLE ONLY public.user_order_order
    ADD CONSTRAINT user_order_order_applied_coupon_id_a6c688f8_fk_user_coup FOREIGN KEY (applied_coupon_id) REFERENCES public.user_coupon_coupon(id) DEFERRABLE INITIALLY DEFERRED;


--
-- Name: user_order_order user_order_order_applied_offer_id_f3d7d503_fk_user_prod; Type: FK CONSTRAINT; Schema: public; Owner: postgres
--

ALTER TABLE ONLY public.user_order_order
    ADD CONSTRAINT user_order_order_applied_offer_id_f3d7d503_fk_user_prod FOREIGN KEY (applied_offer_id) REFERENCES public.user_products_colorvarient(id) DEFERRABLE INITIALLY DEFERRED;


--
-- Name: user_order_order user_order_order_user_id_3ea43df3_fk_user_auth; Type: FK CONSTRAINT; Schema: public; Owner: postgres
--

ALTER TABLE ONLY public.user_order_order
    ADD CONSTRAINT user_order_order_user_id_3ea43df3_fk_user_auth FOREIGN KEY (user_id) REFERENCES public.user_authentication_customuser(id) DEFERRABLE INITIALLY DEFERRED;


--
-- Name: user_order_orderitem user_order_orderitem_order_id_bff4e53b_fk_user_orde; Type: FK CONSTRAINT; Schema: public; Owner: postgres
--

ALTER TABLE ONLY public.user_order_orderitem
    ADD CONSTRAINT user_order_orderitem_order_id_bff4e53b_fk_user_orde FOREIGN KEY (order_id) REFERENCES public.user_order_order(order_id) DEFERRABLE INITIALLY DEFERRED;


--
-- Name: user_order_orderitem user_order_orderitem_variant_id_7b09fd56_fk_user_prod; Type: FK CONSTRAINT; Schema: public; Owner: postgres
--

ALTER TABLE ONLY public.user_order_orderitem
    ADD CONSTRAINT user_order_orderitem_variant_id_7b09fd56_fk_user_prod FOREIGN KEY (variant_id) REFERENCES public.user_products_colorvarient(id) DEFERRABLE INITIALLY DEFERRED;


--
-- Name: user_products_colorvarient user_products_colorv_product_id_d75d96cb_fk_user_prod; Type: FK CONSTRAINT; Schema: public; Owner: postgres
--

ALTER TABLE ONLY public.user_products_colorvarient
    ADD CONSTRAINT user_products_colorv_product_id_d75d96cb_fk_user_prod FOREIGN KEY (product_id) REFERENCES public.user_products_products(id) DEFERRABLE INITIALLY DEFERRED;


--
-- Name: user_products_image user_products_image_variant_id_dfb96cce_fk_user_prod; Type: FK CONSTRAINT; Schema: public; Owner: postgres
--

ALTER TABLE ONLY public.user_products_image
    ADD CONSTRAINT user_products_image_variant_id_dfb96cce_fk_user_prod FOREIGN KEY (variant_id) REFERENCES public.user_products_colorvarient(id) DEFERRABLE INITIALLY DEFERRED;


--
-- Name: user_products_products user_products_produc_brand_id_id_8d5da10e_fk_user_prod; Type: FK CONSTRAINT; Schema: public; Owner: postgres
--

ALTER TABLE ONLY public.user_products_products
    ADD CONSTRAINT user_products_produc_brand_id_id_8d5da10e_fk_user_prod FOREIGN KEY (brand_id_id) REFERENCES public.user_products_brands(id) DEFERRABLE INITIALLY DEFERRED;


--
-- Name: user_products_products user_products_produc_category_id_id_c29dbfa4_fk_user_prod; Type: FK CONSTRAINT; Schema: public; Owner: postgres
--

ALTER TABLE ONLY public.user_products_products
    ADD CONSTRAINT user_products_produc_category_id_id_c29dbfa4_fk_user_prod FOREIGN KEY (category_id_id) REFERENCES public.user_products_category(id) DEFERRABLE INITIALLY DEFERRED;


--
-- Name: user_profile_address user_profile_address_user_id_1edf69b6_fk_user_auth; Type: FK CONSTRAINT; Schema: public; Owner: postgres
--

ALTER TABLE ONLY public.user_profile_address
    ADD CONSTRAINT user_profile_address_user_id_1edf69b6_fk_user_auth FOREIGN KEY (user_id) REFERENCES public.user_authentication_customuser(id) DEFERRABLE INITIALLY DEFERRED;


--
-- Name: user_review_review user_review_review_user_id_ce2ade48_fk_user_auth; Type: FK CONSTRAINT; Schema: public; Owner: postgres
--

ALTER TABLE ONLY public.user_review_review
    ADD CONSTRAINT user_review_review_user_id_ce2ade48_fk_user_auth FOREIGN KEY (user_id) REFERENCES public.user_authentication_customuser(id) DEFERRABLE INITIALLY DEFERRED;


--
-- Name: user_review_review user_review_review_variant_id_d06d0118_fk_user_prod; Type: FK CONSTRAINT; Schema: public; Owner: postgres
--

ALTER TABLE ONLY public.user_review_review
    ADD CONSTRAINT user_review_review_variant_id_d06d0118_fk_user_prod FOREIGN KEY (variant_id) REFERENCES public.user_products_colorvarient(id) DEFERRABLE INITIALLY DEFERRED;


--
-- Name: user_wallet_wallet user_wallet_wallet_user_id_81a6d510_fk_user_auth; Type: FK CONSTRAINT; Schema: public; Owner: postgres
--

ALTER TABLE ONLY public.user_wallet_wallet
    ADD CONSTRAINT user_wallet_wallet_user_id_81a6d510_fk_user_auth FOREIGN KEY (user_id) REFERENCES public.user_authentication_customuser(id) DEFERRABLE INITIALLY DEFERRED;


--
-- PostgreSQL database dump complete
--

